Level,Id,Date Time,Duration (s),Message
INFO,1,2023-11-13 09:39:59,0.523437,-0.012959,0.012863,-0.038641,-0.705798,0.000833,-0.000116,-0.708413
INFO,2,2023-11-13 09:39:59,0.623490,-0.013028,0.012925,-0.038627,-0.705767,0.000836,-0.000116,-0.708443
INFO,3,2023-11-13 09:40:00,0.880868,-0.013120,0.012986,-0.038616,-0.705737,0.000841,-0.000117,-0.708474
INFO,4,2023-11-13 09:40:00,1.138184,-0.012902,0.012767,-0.038600,-0.705707,0.000838,-0.000115,-0.708504
INFO,5,2023-11-13 09:40:00,1.393587,-0.012733,0.012623,-0.038579,-0.705677,0.000838,-0.000116,-0.708533
INFO,6,2023-11-13 09:40:01,2.223853,-0.012855,0.012758,-0.038508,-0.705615,0.000843,-0.000119,-0.708595
INFO,7,2023-11-13 09:40:01,2.223886,-0.012704,0.012625,-0.038475,-0.705584,0.000842,-0.000118,-0.708625
INFO,8,2023-11-13 09:40:07,8.614226,0.009259,-0.009631,1.034514,-0.705293,0.002089,-0.000037,-0.708913
INFO,9,2023-11-13 09:40:07,8.614268,0.009717,-0.010517,1.016629,-0.705294,0.002103,-0.000034,-0.708912
INFO,10,2023-11-13 09:40:08,9.624799,0.010365,0.167672,1.028458,-0.691852,0.097133,-0.098103,-0.708719
INFO,11,2023-11-13 09:40:08,9.624828,0.011364,0.466526,1.062043,-0.694836,0.065581,-0.065703,-0.713151
INFO,12,2023-11-13 09:40:09,10.650606,0.021588,1.834072,1.180975,-0.697167,0.006729,-0.004367,-0.716864
INFO,13,2023-11-13 09:40:09,10.650626,0.026143,2.338771,1.219214,-0.697061,0.001869,0.001057,-0.717008
INFO,14,2023-11-13 09:40:10,11.677685,0.035185,3.843313,1.323161,-0.696976,-0.000198,0.003059,-0.717088
INFO,15,2023-11-13 09:40:10,11.677706,0.036212,4.337263,1.355911,-0.696962,0.000645,0.002016,-0.717105
INFO,16,2023-11-13 09:40:11,12.706783,0.035335,5.795961,1.452405,-0.696906,0.003282,-0.001430,-0.717154
INFO,17,2023-11-13 09:40:11,12.706828,0.034739,6.280810,1.484999,-0.696914,0.003945,-0.002202,-0.717140
INFO,18,2023-11-13 09:40:12,13.735074,0.037436,7.745455,1.584214,-0.696973,0.004827,-0.002920,-0.717075
INFO,19,2023-11-13 09:40:12,13.735096,0.037828,8.237885,1.617769,-0.696943,0.004736,-0.002860,-0.717106
INFO,20,2023-11-13 09:40:13,14.760313,0.036888,9.735193,1.718779,-0.697045,0.003399,-0.001958,-0.717017
INFO,21,2023-11-13 09:40:13,14.760345,0.035518,10.237113,1.752289,-0.697069,0.002994,-0.001754,-0.716995
INFO,22,2023-11-13 09:40:14,15.775208,0.027487,11.749302,1.853352,-0.697150,0.001712,-0.001315,-0.716922
INFO,23,2023-11-13 09:40:14,15.775224,0.024697,12.251338,1.887200,-0.697084,-0.009949,0.010620,-0.716841
INFO,24,2023-11-13 09:40:15,16.791559,0.020569,13.502501,1.987775,-0.695149,-0.050385,0.052409,-0.715180
INFO,25,2023-11-13 09:40:15,16.791586,0.020225,13.762169,2.008133,-0.695390,-0.047253,0.049447,-0.715371
INFO,26,2023-11-13 09:40:16,17.813513,0.017208,14.091046,2.007468,-0.696838,-0.019665,0.021151,-0.716647
INFO,27,2023-11-13 09:40:16,17.813566,0.015473,14.101143,2.001202,-0.697064,-0.011013,0.012193,-0.716820
INFO,28,2023-11-13 09:40:17,18.845839,0.013098,14.033771,1.992681,-0.697216,0.003716,-0.002764,-0.716846
INFO,29,2023-11-13 09:40:17,18.845860,0.013323,14.008164,1.992630,-0.697205,0.005412,-0.004319,-0.716838
INFO,30,2023-11-13 09:40:19,19.863924,0.204107,13.971465,1.990974,-0.691122,-0.091071,-0.096704,-0.710426
INFO,31,2023-11-13 09:40:19,19.863962,0.506638,13.971160,1.988968,-0.694496,-0.060285,-0.063698,-0.714131
INFO,32,2023-11-13 09:40:20,20.890108,1.837352,13.975472,1.995064,-0.696298,0.031267,0.028999,-0.716485
INFO,33,2023-11-13 09:40:20,20.890123,2.251948,13.976533,1.999531,-0.695330,0.048485,0.045893,-0.715583
INFO,34,2023-11-13 09:40:21,21.906923,3.015987,13.980052,2.002255,-0.695525,0.043502,0.041618,-0.715975
INFO,35,2023-11-13 09:40:21,21.906946,3.114049,13.981883,1.999975,-0.696021,0.033336,0.031848,-0.716540
INFO,36,2023-11-13 09:40:22,22.935972,3.134826,13.984730,1.994552,-0.696693,0.006449,0.005483,-0.717319
INFO,37,2023-11-13 09:40:22,22.936001,3.101928,13.984829,1.994327,-0.696728,0.001233,0.000172,-0.717334
INFO,38,2023-11-13 09:40:23,23.956072,3.147371,13.853965,1.993030,-0.689209,-0.142025,-0.001507,-0.710505
INFO,39,2023-11-13 09:40:23,23.956093,3.347983,13.637862,1.991359,-0.692708,-0.095113,-0.002687,-0.714914
INFO,40,2023-11-13 09:40:24,24.977251,4.264679,12.709545,1.999372,-0.694048,0.049243,-0.002738,-0.718237
INFO,41,2023-11-13 09:40:24,24.977301,4.540563,12.438118,2.003404,-0.693201,0.068851,-0.002146,-0.717445
INFO,42,2023-11-13 09:40:25,26.003681,5.030766,11.967000,2.003667,-0.694111,0.055061,0.000144,-0.717760
INFO,43,2023-11-13 09:40:25,26.003729,5.091343,11.912833,2.001086,-0.694792,0.041359,0.000657,-0.718021
INFO,44,2023-11-13 09:40:26,27.036579,5.098228,11.913940,1.996300,-0.695832,0.006845,0.000652,-0.718172
INFO,45,2023-11-13 09:40:26,27.036619,5.074743,11.936879,1.996009,-0.696001,0.000301,0.000453,-0.718041
INFO,46,2023-11-13 09:40:27,28.054050,5.207487,11.990130,1.994543,-0.689235,-0.103962,-0.092951,-0.710991
INFO,47,2023-11-13 09:40:27,28.054089,5.502681,11.994713,1.992959,-0.692897,-0.070338,-0.063420,-0.714790
INFO,48,2023-11-13 09:40:28,29.083572,6.888744,11.981981,1.997545,-0.696348,-0.003128,-0.004460,-0.717684
INFO,49,2023-11-13 09:40:28,29.083588,7.400576,11.976180,2.000801,-0.696245,0.019435,0.016649,-0.717348
INFO,50,2023-11-13 09:40:29,30.104963,8.635115,11.967740,2.009022,-0.694424,0.057008,0.053161,-0.715331
INFO,51,2023-11-13 09:40:29,30.104996,8.873457,11.967853,2.008210,-0.694850,0.051790,0.048472,-0.715648
INFO,52,2023-11-13 09:40:30,31.134338,9.143223,11.972360,1.999763,-0.696527,0.020829,0.019049,-0.716975
INFO,53,2023-11-13 09:40:30,31.134365,9.139697,11.974362,1.997929,-0.696802,0.011773,0.010386,-0.717092
INFO,54,2023-11-13 09:40:31,32.151989,9.232043,11.978632,1.995012,-0.689587,-0.102375,-0.100175,-0.709897
INFO,55,2023-11-13 09:40:31,32.152004,9.502986,11.979854,1.992891,-0.692896,-0.075110,-0.073555,-0.713332
INFO,56,2023-11-13 09:40:32,33.172890,10.822830,11.978073,1.999115,-0.696317,0.030018,0.028228,-0.716550
INFO,57,2023-11-13 09:40:32,33.172916,11.241942,11.975826,2.003850,-0.695381,0.048220,0.045453,-0.715580
INFO,58,2023-11-13 09:40:33,34.195335,12.019934,11.969676,2.006927,-0.695678,0.044393,0.041294,-0.715790
INFO,59,2023-11-13 09:40:33,34.195377,12.120821,11.968169,2.004354,-0.696235,0.034536,0.031535,-0.716288
INFO,60,2023-11-13 09:40:34,35.229767,12.145807,11.965151,1.997957,-0.697156,0.007338,0.005334,-0.716862
INFO,61,2023-11-13 09:40:34,35.229797,12.111592,11.965260,1.997734,-0.697318,0.001817,-0.000151,-0.716759
INFO,62,2023-11-13 09:40:35,36.256817,12.019605,11.966897,1.999328,-0.697484,-0.003963,-0.005410,-0.716569
INFO,63,2023-11-13 09:40:35,36.256840,12.002915,11.968232,1.999826,-0.697550,-0.003674,-0.005034,-0.716509
INFO,64,2023-11-13 09:40:36,37.278797,11.991871,11.975459,2.000362,-0.836350,0.000105,-0.001585,-0.548194
INFO,65,2023-11-13 09:40:36,37.278820,11.994830,11.977980,2.000380,-0.895546,0.000560,-0.001003,-0.444967
INFO,66,2023-11-13 09:40:37,38.305767,12.008706,11.984988,2.000435,-0.995154,-0.000251,0.000512,-0.098328
INFO,67,2023-11-13 09:40:37,38.305809,12.013487,11.985207,2.000403,-0.999204,-0.000716,0.001011,-0.039884
INFO,68,2023-11-13 09:40:38,39.337982,12.025597,11.976876,2.000412,-0.999852,0.000918,0.001867,0.017072
INFO,69,2023-11-13 09:40:38,39.338009,12.027660,11.974250,2.000429,-0.999780,0.001365,0.001877,0.020865
INFO,70,2023-11-13 09:40:39,40.355896,12.024549,11.766560,1.997207,-0.991257,-0.130417,-0.001871,0.019948
INFO,71,2023-11-13 09:40:39,40.355927,12.021245,11.457911,1.995080,-0.996285,-0.084111,-0.001219,0.018441
INFO,72,2023-11-13 09:40:40,41.380650,12.008799,10.137154,2.001711,-0.998977,0.043485,0.000505,0.012424
INFO,73,2023-11-13 09:40:40,41.380688,12.004701,9.730377,2.005865,-0.997734,0.066447,0.000545,0.010534
INFO,74,2023-11-13 09:40:41,42.411068,12.001536,8.993391,2.006967,-0.998299,0.057985,0.000653,0.006086
INFO,75,2023-11-13 09:40:41,42.411091,12.003731,8.901645,2.004403,-0.999025,0.043883,0.000992,0.004759
INFO,76,2023-11-13 09:40:42,43.448437,12.013557,8.885577,1.998267,-0.999973,0.007082,0.001612,0.001160
INFO,77,2023-11-13 09:40:42,43.448460,12.016762,8.916941,1.998005,-0.999998,0.000224,0.001768,0.000113
INFO,78,2023-11-13 09:40:43,44.463474,12.108210,8.817004,1.996272,-0.989952,-0.128086,-0.059860,-0.002521
INFO,79,2023-11-13 09:40:43,44.463573,12.245934,8.549005,1.994102,-0.995557,-0.085931,-0.038394,-0.002959
INFO,80,2023-11-13 09:40:44,45.493629,12.853097,7.298504,1.997961,-0.999969,-0.005825,-0.002710,-0.004642
INFO,81,2023-11-13 09:40:44,45.493671,13.076335,6.832376,2.000777,-0.999978,0.004038,0.000842,-0.005249
INFO,82,2023-11-13 09:40:45,46.516468,13.688841,5.574058,2.007953,-0.997121,0.068119,0.032555,-0.007073
INFO,83,2023-11-13 09:40:45,46.516537,13.832178,5.285903,2.008502,-0.996928,0.070229,0.033840,-0.007520
INFO,84,2023-11-13 09:40:46,47.545731,14.042234,4.888013,2.001607,-0.999118,0.036631,0.018557,-0.008752
INFO,85,2023-11-13 09:40:46,47.545776,14.058835,4.867692,1.998920,-0.999607,0.023350,0.012579,-0.009120
INFO,86,2023-11-13 09:40:47,48.579391,14.040768,4.935770,1.996176,-0.999945,-0.002071,0.000606,-0.010230
INFO,87,2023-11-13 09:40:47,48.579433,14.028408,4.965397,1.996262,-0.999930,-0.005247,-0.001075,-0.010553
INFO,88,2023-11-13 09:40:48,49.596260,14.000377,4.808078,1.995293,-0.993060,-0.117042,-0.000831,-0.011537
INFO,89,2023-11-13 09:40:48,49.596283,13.994624,4.523626,1.994825,-0.998463,-0.054112,-0.001218,-0.011890
INFO,90,2023-11-13 09:40:49,50.614250,13.985262,3.509370,2.002212,-0.998433,0.054507,-0.001447,-0.012572
INFO,91,2023-11-13 09:40:49,50.614292,13.985928,3.258564,2.004233,-0.998197,0.058643,-0.000972,-0.012773
INFO,92,2023-11-13 09:40:50,51.638702,13.994716,2.890862,2.001621,-0.999345,0.033761,0.000602,-0.013041
INFO,93,2023-11-13 09:40:50,51.638737,13.998097,2.865865,2.000066,-0.999652,0.022846,0.000891,-0.013139
INFO,94,2023-11-13 09:40:51,52.671738,14.006290,2.914527,1.998911,-0.999910,0.000410,0.001402,-0.013353
INFO,95,2023-11-13 09:40:51,52.671764,14.007005,2.941385,1.999175,-0.999907,-0.002756,0.001266,-0.013327
INFO,96,2023-11-13 09:40:52,53.690144,14.005484,2.780476,1.996643,-0.990461,-0.137067,0.002610,-0.013878
INFO,97,2023-11-13 09:40:52,53.690166,14.003154,2.470725,1.994388,-0.995892,-0.089419,0.001744,-0.014132
INFO,98,2023-11-13 09:40:53,54.716297,13.993557,1.123819,2.000703,-0.998857,0.045543,-0.000781,-0.014457
INFO,99,2023-11-13 09:40:53,54.716316,13.992221,0.711337,2.005098,-0.997539,0.068572,-0.001076,-0.014586
INFO,100,2023-11-13 09:40:54,55.737755,13.996523,-0.036798,2.006652,-0.998128,0.059386,-0.000178,-0.014645
INFO,101,2023-11-13 09:40:54,55.737782,13.999432,-0.129079,2.003857,-0.998875,0.045093,0.000321,-0.014675
INFO,102,2023-11-13 09:40:55,56.770481,14.005806,-0.140818,1.997745,-0.999864,0.007848,0.001002,-0.014481
INFO,103,2023-11-13 09:40:55,56.770512,14.006525,-0.106148,1.997661,-0.999894,0.000495,0.000962,-0.014495
INFO,104,2023-11-13 09:40:56,57.787079,14.005281,-0.226883,1.996205,-0.989846,-0.141356,0.002746,-0.014695
INFO,105,2023-11-13 09:40:56,57.787121,14.003071,-0.530178,1.994108,-0.995407,-0.094563,0.001788,-0.014819
INFO,106,2023-11-13 09:40:57,58.806519,13.992777,-1.869626,2.000067,-0.998880,0.044866,-0.000997,-0.015021
INFO,107,2023-11-13 09:40:57,58.806541,13.990043,-2.281546,2.004548,-0.997571,0.068002,-0.001482,-0.015020
INFO,108,2023-11-13 09:40:58,59.828819,13.990765,-3.031654,2.006431,-0.998125,0.059359,-0.000590,-0.014916
INFO,109,2023-11-13 09:40:58,59.828838,13.993331,-3.125835,2.003839,-0.998864,0.045297,-0.000084,-0.014808
INFO,110,2023-11-13 09:41:00,60.861298,14.001082,-3.143099,1.997737,-0.999857,0.008182,0.000774,-0.014755
INFO,111,2023-11-13 09:41:00,60.861328,14.002921,-3.109169,1.997308,-0.999892,0.000852,0.000869,-0.014660
INFO,112,2023-11-13 09:41:01,61.875713,14.002050,-3.225766,1.995656,-0.992917,-0.117870,0.002279,-0.014741
INFO,113,2023-11-13 09:41:01,61.875729,13.999633,-3.495309,1.995225,-0.998310,-0.056203,0.001061,-0.014772
INFO,114,2023-11-13 09:41:02,62.897579,13.991518,-4.482038,2.001794,-0.998538,0.052028,-0.001116,-0.014619
INFO,115,2023-11-13 09:41:02,62.897598,13.990333,-4.730238,2.003794,-0.998286,0.056670,-0.001064,-0.014552
INFO,116,2023-11-13 09:41:03,63.921215,13.993389,-5.105026,2.001632,-0.999329,0.033695,-0.000081,-0.014327
INFO,117,2023-11-13 09:41:03,63.921230,13.995456,-5.133656,2.000242,-0.999628,0.023229,0.000229,-0.014274
INFO,118,2023-11-13 09:41:04,64.949493,14.001261,-5.091796,1.999160,-0.999900,0.001041,0.000725,-0.014093
INFO,119,2023-11-13 09:41:04,64.949516,14.002199,-5.067088,1.999446,-0.999899,-0.002114,0.000680,-0.014032
INFO,120,2023-11-13 09:41:05,65.966675,13.979337,-5.073103,1.999327,-0.994082,-0.096282,0.048241,-0.014239
INFO,121,2023-11-13 09:41:05,65.966698,13.900637,-5.215783,1.996790,-0.990604,-0.120853,0.062365,-0.014456
INFO,122,2023-11-13 09:41:06,66.989944,13.347062,-6.292214,1.996086,-0.999685,-0.018066,0.007921,-0.015499
INFO,123,2023-11-13 09:41:06,66.989975,13.119241,-6.742100,1.998407,-0.999868,-0.004729,0.001707,-0.015465
INFO,124,2023-11-13 09:41:07,68.008339,12.447552,-8.077453,2.005734,-0.998111,0.052684,-0.027560,-0.015440
INFO,125,2023-11-13 09:41:07,68.008377,12.268242,-8.437978,2.007415,-0.997035,0.066929,-0.034728,-0.015377
INFO,126,2023-11-13 09:41:08,69.030907,11.973362,-9.048042,2.004345,-0.998371,0.049360,-0.024270,-0.015140
INFO,127,2023-11-13 09:41:08,69.030930,11.944324,-9.115969,2.001535,-0.999090,0.036055,-0.017058,-0.015077
INFO,128,2023-11-13 09:41:09,70.066704,11.971231,-9.084286,1.997654,-0.999892,-0.000786,0.001727,-0.014578
INFO,129,2023-11-13 09:41:09,70.066727,11.984838,-9.057783,1.998320,-0.999884,-0.003763,0.003062,-0.014466
INFO,130,2023-11-13 09:41:10,71.083107,12.000713,-9.070270,1.998907,-0.993983,-0.108464,0.005138,-0.014419
INFO,131,2023-11-13 09:41:10,71.083122,12.001095,-9.230826,1.996590,-0.990502,-0.136660,0.004574,-0.014440
INFO,132,2023-11-13 09:41:11,72.110657,11.983103,-10.445063,1.997060,-0.999830,0.011569,-0.001208,-0.014322
INFO,133,2023-11-13 09:41:11,72.110680,11.975348,-10.906788,2.001359,-0.998753,0.047783,-0.002232,-0.014301
INFO,134,2023-11-13 09:41:12,73.139969,11.964840,-11.883208,2.008783,-0.997454,0.069847,-0.002333,-0.014214
INFO,135,2023-11-13 09:41:12,73.139992,11.966908,-12.038832,2.006994,-0.998224,0.057832,-0.001699,-0.014201
INFO,136,2023-11-13 09:41:13,74.175194,11.983386,-12.128120,1.998014,-0.999882,0.006599,0.000474,-0.013839
INFO,137,2023-11-13 09:41:13,74.175224,11.986698,-12.093965,1.997852,-0.999905,-0.000315,0.000590,-0.013743
INFO,138,2023-11-13 09:41:14,75.187836,11.992198,-12.029596,1.998867,-0.994365,-0.005361,-0.000179,0.105878
INFO,139,2023-11-13 09:41:14,75.187889,11.993291,-12.005965,1.999459,-0.976603,-0.006105,-0.001364,0.214961
INFO,140,2023-11-13 09:41:15,76.211098,11.992685,-11.982005,2.000371,-0.828821,-0.002957,-0.002341,0.559502
INFO,141,2023-11-13 09:41:15,76.211128,11.991159,-11.986273,2.000385,-0.768854,-0.001798,-0.001246,0.639421
INFO,142,2023-11-13 09:41:16,77.240921,11.980711,-12.008328,2.000285,0.700480,-0.001451,-0.000638,-0.713671
INFO,143,2023-11-13 09:41:16,77.240959,11.975517,-12.013951,2.000288,0.694745,-0.002225,-0.000394,-0.719253
INFO,144,2023-11-13 09:41:17,78.272034,11.964664,-12.020753,2.000324,0.692022,-0.002646,0.000456,-0.721871
INFO,145,2023-11-13 09:41:17,78.272057,11.964885,-12.019141,2.000311,0.692868,-0.002236,0.000616,-0.721061
INFO,146,2023-11-13 09:41:18,79.292030,11.915542,-12.008753,1.999453,0.692530,0.077614,-0.075771,-0.713188
INFO,147,2023-11-13 09:41:18,79.292053,11.736405,-12.003172,1.996700,0.692327,0.091234,-0.088042,-0.710358
INFO,148,2023-11-13 09:41:19,80.318169,10.528419,-11.983226,1.997659,0.701663,-0.008239,0.010180,-0.712389
INFO,149,2023-11-13 09:41:19,80.318192,10.077176,-11.977351,2.001872,0.702108,-0.032820,0.034612,-0.710471
INFO,150,2023-11-13 09:41:20,81.343727,9.125787,-11.972514,2.008424,0.704171,-0.047652,0.048574,-0.706762
INFO,151,2023-11-13 09:41:20,81.343750,8.973742,-11.975845,2.006597,0.705447,-0.039737,0.039868,-0.706524
INFO,152,2023-11-13 09:41:21,82.374306,8.860893,-11.989707,1.999089,-0.708553,0.011859,-0.010658,0.705477
INFO,153,2023-11-13 09:41:21,82.374336,8.883598,-11.993380,1.998115,-0.709190,0.005278,-0.003860,0.704988
INFO,154,2023-11-13 09:41:22,83.392227,8.922538,-12.022274,1.998099,-0.706432,-0.103000,0.038448,0.699190
INFO,155,2023-11-13 09:41:22,83.392250,8.783887,-12.098613,1.995791,-0.704354,-0.130152,0.046512,0.696264
INFO,156,2023-11-13 09:41:23,84.415627,7.690868,-12.633193,1.995943,-0.711397,-0.018972,0.006495,0.702504
INFO,157,2023-11-13 09:41:23,84.415642,7.228875,-12.852692,1.998578,-0.711788,-0.004975,0.000068,0.702377
INFO,158,2023-11-13 09:41:24,85.434883,5.876877,-13.503800,2.006749,-0.711471,0.057691,-0.022330,0.699987
INFO,159,2023-11-13 09:41:24,85.434921,5.518545,-13.680958,2.008622,-0.711068,0.071850,-0.026781,0.698930
INFO,160,2023-11-13 09:41:25,86.460030,4.934589,-13.987258,2.004466,-0.712953,0.051230,-0.017962,0.699108
INFO,161,2023-11-13 09:41:25,86.460045,4.877105,-14.024687,2.001155,-0.713680,0.036837,-0.012375,0.699393
INFO,162,2023-11-13 09:41:26,87.491570,4.905800,-14.033617,1.996021,-0.714870,0.003575,-0.000121,0.699248
INFO,163,2023-11-13 09:41:26,87.491592,4.938369,-14.021338,1.995741,-0.715044,-0.002142,0.001635,0.699074
INFO,164,2023-11-13 09:41:27,88.510048,4.949362,-13.988284,1.995934,-0.710873,-0.081808,0.079652,0.693991
INFO,165,2023-11-13 09:41:27,88.510063,4.778684,-13.980461,1.994388,-0.711490,-0.078604,0.076326,0.694102
INFO,166,2023-11-13 09:41:28,89.535049,3.781032,-13.965439,1.998944,-0.715494,0.026530,-0.030408,0.697453
INFO,167,2023-11-13 09:41:28,89.535065,3.475148,-13.963440,2.002131,-0.715057,0.037602,-0.041154,0.696840
INFO,168,2023-11-13 09:41:29,90.555138,2.942026,-13.968520,2.002867,-0.715804,0.030484,-0.031644,0.696917
INFO,169,2023-11-13 09:41:29,90.555161,2.881644,-13.972478,2.001167,-0.716141,0.022921,-0.023361,0.697188
INFO,170,2023-11-13 09:41:30,91.580879,2.887449,-13.986024,1.998656,-0.716709,0.004150,-0.003179,0.697352
INFO,171,2023-11-13 09:41:30,91.580910,2.914655,-13.988762,1.998845,-0.716751,0.000540,0.000433,0.697329
INFO,172,2023-11-13 09:41:31,92.591393,2.921631,-13.992337,1.998925,-0.712261,-0.079287,0.082183,0.692563
INFO,173,2023-11-13 09:41:31,92.591415,2.748108,-13.992185,1.996271,-0.710724,-0.092278,0.095513,0.690820
INFO,174,2023-11-13 09:41:32,93.617767,1.524874,-13.979820,1.996987,-0.717096,0.009277,-0.011012,0.696825
INFO,175,2023-11-13 09:41:32,93.617790,1.066319,-13.975009,2.001251,-0.716304,0.033673,-0.036520,0.696018
INFO,176,2023-11-13 09:41:33,94.640175,0.096630,-13.972159,2.008028,-0.715610,0.048480,-0.050832,0.694959
INFO,177,2023-11-13 09:41:33,94.640205,-0.059121,-13.975301,2.006238,-0.716187,0.040465,-0.041846,0.695477
INFO,178,2023-11-13 09:41:34,95.671715,-0.169326,-13.988197,1.998600,-0.717297,0.012267,-0.011469,0.696565
INFO,179,2023-11-13 09:41:34,95.671761,-0.142579,-13.992117,1.997722,-0.717353,0.005457,-0.004302,0.696675
INFO,180,2023-11-13 09:41:35,96.687912,-0.098779,-14.000766,1.998105,-0.712818,-0.078685,0.082378,0.692035
INFO,181,2023-11-13 09:41:35,96.687927,-0.258888,-14.000660,1.995900,-0.710764,-0.095457,0.099313,0.689811
INFO,182,2023-11-13 09:41:36,97.710701,-1.474997,-13.987946,1.996576,-0.717504,0.009002,-0.010474,0.696417
INFO,183,2023-11-13 09:41:36,97.710739,-1.933615,-13.982054,2.000874,-0.716731,0.033739,-0.036468,0.695578
INFO,184,2023-11-13 09:41:37,98.726982,-2.896609,-13.972928,2.008049,-0.715899,0.047602,-0.050437,0.694751
INFO,185,2023-11-13 09:41:37,98.727013,-3.049029,-13.974648,2.006352,-0.716393,0.039507,-0.041454,0.695343
INFO,186,2023-11-13 09:41:38,99.761826,-3.159140,-13.985811,1.998781,-0.717368,0.011758,-0.011341,0.696503
INFO,187,2023-11-13 09:41:38,99.761848,-3.133584,-13.989502,1.997877,-0.717454,0.005119,-0.004303,0.696574
INFO,188,2023-11-13 09:41:39,100.777534,-3.096926,-13.998232,1.998112,-0.712774,-0.079250,0.082804,0.691965
INFO,189,2023-11-13 09:41:39,100.777557,-3.254451,-13.998385,1.996348,-0.713164,-0.076349,0.079642,0.692261
INFO,190,2023-11-13 09:41:40,101.798294,-4.219611,-13.989401,1.999621,-0.716836,0.025899,-0.027700,0.696210
INFO,191,2023-11-13 09:41:40,101.798332,-4.520801,-13.985320,2.002429,-0.716286,0.036720,-0.039017,0.695747
INFO,192,2023-11-13 09:41:41,102.823967,-5.055703,-13.981127,2.003028,-0.716526,0.029968,-0.031595,0.696200
INFO,193,2023-11-13 09:41:41,102.823997,-5.119064,-13.982823,2.001432,-0.716782,0.022712,-0.023629,0.696526
INFO,194,2023-11-13 09:41:43,103.857857,-5.117203,-13.990214,1.998746,-0.717084,0.003988,-0.003651,0.696966
INFO,195,2023-11-13 09:41:43,103.857880,-5.089633,-13.992900,1.998851,-0.717029,0.000490,0.000199,0.697043
INFO,196,2023-11-13 09:41:44,104.876595,-5.076433,-13.969710,1.998865,-0.712256,-0.037101,0.111434,0.692025
INFO,197,2023-11-13 09:41:44,104.876610,-5.236492,-13.882571,1.996130,-0.711122,-0.040214,0.125348,0.690635
INFO,198,2023-11-13 09:41:45,105.901588,-6.344921,-13.310671,1.995965,-0.717824,-0.006795,0.015429,0.696020
INFO,199,2023-11-13 09:41:45,105.901619,-6.800269,-13.079086,1.998369,-0.717896,-0.002142,0.002457,0.696143
INFO,200,2023-11-13 09:41:46,106.927773,-8.127407,-12.411383,2.005559,-0.716498,0.018311,-0.059856,0.694775
INFO,201,2023-11-13 09:41:46,106.927803,-8.476993,-12.238255,2.007090,-0.715817,0.022740,-0.072906,0.694100
INFO,202,2023-11-13 09:41:47,107.954018,-9.054702,-11.964988,2.003422,-0.716667,0.017149,-0.049792,0.695424
INFO,203,2023-11-13 09:41:47,107.954033,-9.115078,-11.940968,2.000558,-0.717175,0.012853,-0.035179,0.695886
INFO,204,2023-11-13 09:41:48,108.985298,-9.102778,-11.957923,1.997150,-0.717417,0.002270,-0.003084,0.696633
INFO,205,2023-11-13 09:41:48,108.985329,-9.076682,-11.971666,1.997694,-0.717355,0.000393,0.002080,0.696705
INFO,206,2023-11-13 09:41:49,110.004318,-9.082289,-11.997238,1.998735,-0.712267,-0.079950,0.086956,0.691898
INFO,207,2023-11-13 09:41:49,110.004372,-9.266655,-11.996382,1.996213,-0.711110,-0.090025,0.095696,0.690695
INFO,208,2023-11-13 09:41:50,111.026237,-10.507562,-11.976372,1.997386,-0.716957,0.010776,-0.013392,0.696906
INFO,209,2023-11-13 09:41:50,111.026260,-10.964752,-11.968266,2.001809,-0.716053,0.034538,-0.038559,0.696124
INFO,210,2023-11-13 09:41:51,112.049042,-11.917117,-11.956017,2.008178,-0.715321,0.047041,-0.051133,0.695333
INFO,211,2023-11-13 09:41:51,112.049072,-12.066018,-11.957484,2.006262,-0.715857,0.038764,-0.041796,0.695916
INFO,212,2023-11-13 09:41:52,113.084450,-12.163197,-11.972204,1.998528,-0.716857,0.010961,-0.010945,0.697048
INFO,213,2023-11-13 09:41:52,113.084465,-12.134164,-11.978658,1.997607,-0.716773,0.004528,-0.003598,0.697283
INFO,214,2023-11-13 09:41:53,114.100189,-12.029297,-11.992266,1.997450,0.615133,0.004248,-0.003962,-0.788402
INFO,215,2023-11-13 09:41:53,114.100204,-12.004796,-11.994403,1.998206,0.522780,0.005637,-0.003583,-0.852442
INFO,216,2023-11-13 09:41:54,115.128754,-11.979927,-11.994818,1.999986,0.170569,0.003884,-0.000438,-0.985338
INFO,217,2023-11-13 09:41:54,115.128799,-11.984737,-11.992837,2.000161,0.080071,0.002227,-0.000411,-0.996787
INFO,218,2023-11-13 09:41:55,116.151962,-12.007171,-11.978442,2.000226,-0.011062,-0.001375,0.001107,-0.999937
INFO,219,2023-11-13 09:41:55,116.151985,-12.012712,-11.971711,2.000229,-0.018159,-0.001738,0.001920,-0.999832
INFO,220,2023-11-13 09:41:56,117.184959,-12.017896,-11.958187,2.000314,-0.020974,-0.001286,0.002704,-0.999776
INFO,221,2023-11-13 09:41:56,117.184975,-12.017337,-11.956757,2.000324,-0.019743,-0.001072,0.002628,-0.999801
INFO,222,2023-11-13 09:41:57,118.198479,-12.006707,-11.891008,1.999252,-0.014357,0.001727,-0.117330,-0.992988
INFO,223,2023-11-13 09:41:57,118.198509,-12.001928,-11.693764,1.996351,-0.012535,0.002158,-0.121309,-0.992533
INFO,224,2023-11-13 09:41:58,119.222382,-11.981311,-10.468202,1.997880,-0.007410,0.001625,0.017790,-0.999813
INFO,225,2023-11-13 09:41:58,119.222450,-11.972483,-10.022460,2.002088,-0.005810,0.001931,0.051001,-0.998680
INFO,226,2023-11-13 09:41:59,120.247581,-11.960219,-9.092600,2.007776,-0.001753,0.001512,0.067732,-0.997701
INFO,227,2023-11-13 09:41:59,120.247665,-11.961982,-8.946606,2.005887,-0.000690,0.001067,0.055601,-0.998452
INFO,228,2023-11-13 09:42:00,121.281784,-11.973728,-8.844902,1.998591,0.002278,0.000016,0.015592,-0.999876
INFO,229,2023-11-13 09:42:00,121.281830,-11.976473,-8.871140,1.997822,0.003130,-0.000080,0.006109,-0.999976
INFO,230,2023-11-13 09:42:01,122.300385,-12.010941,-8.903819,1.997931,0.005211,0.050807,-0.109059,-0.992722
INFO,231,2023-11-13 09:42:01,122.300407,-12.097774,-8.744731,1.995508,0.005789,0.057403,-0.120140,-0.991079
INFO,232,2023-11-13 09:42:02,123.322731,-12.651340,-7.615047,1.996734,0.006293,0.008144,-0.014766,-0.999838
INFO,233,2023-11-13 09:42:02,123.322815,-12.869559,-7.151723,1.999829,0.006614,0.003647,-0.001454,-0.999970
INFO,234,2023-11-13 09:42:03,124.346123,-13.510678,-5.816343,2.008063,0.008062,-0.025163,0.059121,-0.997901
INFO,235,2023-11-13 09:42:03,124.346153,-13.679657,-5.472327,2.009786,0.008600,-0.030908,0.070148,-0.997021
INFO,236,2023-11-13 09:42:04,125.371712,-13.962261,-4.929786,2.004738,0.009965,-0.020901,0.046233,-0.998662
INFO,237,2023-11-13 09:42:04,125.371735,-13.996193,-4.879338,2.001534,0.010326,-0.014914,0.032411,-0.999310
INFO,238,2023-11-13 09:42:05,126.407127,-14.007371,-4.911207,1.997019,0.011227,-0.001493,0.002172,-0.999934
INFO,239,2023-11-13 09:42:05,126.407150,-13.998632,-4.939554,1.996830,0.011451,0.000818,-0.002357,-0.999931
INFO,240,2023-11-13 09:42:06,127.425430,-13.976034,-4.925230,1.997043,0.012049,0.001435,-0.120833,-0.992599
INFO,241,2023-11-13 09:42:06,127.425461,-13.971166,-4.736821,1.995347,0.012325,0.001360,-0.101222,-0.994787
INFO,242,2023-11-13 09:42:07,128.453613,-13.957314,-3.732314,1.999621,0.012671,0.003006,0.043373,-0.998974
INFO,243,2023-11-13 09:42:07,128.453659,-13.952374,-3.432724,2.002513,0.012852,0.003189,0.057067,-0.998283
INFO,244,2023-11-13 09:42:08,129.476761,-13.948230,-2.920137,2.002635,0.013244,0.002202,0.043268,-0.998973
INFO,245,2023-11-13 09:42:08,129.476807,-13.949462,-2.864578,2.000929,0.013395,0.001758,0.032025,-0.999396
INFO,246,2023-11-13 09:42:09,130.507965,-13.956849,-2.881188,1.998587,0.013746,0.000888,0.004523,-0.999895
INFO,247,2023-11-13 09:42:09,130.507996,-13.959229,-2.909613,1.998852,0.013802,0.000653,-0.000261,-0.999904
INFO,248,2023-11-13 09:42:10,131.521820,-13.965492,-2.902512,1.998785,0.013997,-0.001204,-0.123707,-0.992219
INFO,249,2023-11-13 09:42:10,131.521835,-13.966374,-2.705470,1.995966,0.014034,-0.001407,-0.126910,-0.991814
INFO,250,2023-11-13 09:42:11,132.546082,-13.956378,-1.448629,1.997399,0.014150,0.002155,0.020642,-0.999684
INFO,251,2023-11-13 09:42:11,132.546127,-13.950850,-0.997987,2.001675,0.014184,0.003038,0.053657,-0.998454
INFO,252,2023-11-13 09:42:12,133.571899,-13.945384,-0.076927,2.007577,0.014478,0.002752,0.067743,-0.997594
INFO,253,2023-11-13 09:42:12,133.571930,-13.947709,0.064519,2.005656,0.014568,0.002070,0.055112,-0.998372
INFO,254,2023-11-13 09:42:13,134.602615,-13.961931,0.155000,1.998327,0.014689,0.000277,0.014725,-0.999784
INFO,255,2023-11-13 09:42:13,134.602631,-13.967789,0.129205,1.997616,0.014741,-0.000161,0.005694,-0.999875
INFO,256,2023-11-13 09:42:14,135.613846,-13.979899,0.112912,1.997941,0.014766,-0.002068,-0.122415,-0.992367
INFO,257,2023-11-13 09:42:14,135.613861,-13.980296,0.297277,1.995464,0.014813,-0.002213,-0.131705,-0.991176
INFO,258,2023-11-13 09:42:15,136.638672,-13.970880,1.538478,1.997006,0.014771,0.001511,0.019277,-0.999704
INFO,259,2023-11-13 09:42:15,136.638702,-13.966136,1.993714,2.001314,0.014725,0.002253,0.053533,-0.998455
INFO,260,2023-11-13 09:42:16,137.658859,-13.959896,2.933344,2.007282,0.014836,0.002411,0.069032,-0.997501
INFO,261,2023-11-13 09:42:16,137.658890,-13.960816,3.078046,2.005321,0.014826,0.001977,0.056462,-0.998293
INFO,262,2023-11-13 09:42:17,138.688461,-13.970850,3.170022,1.998100,0.014717,0.000450,0.015269,-0.999775
INFO,263,2023-11-13 09:42:17,138.688492,-13.973342,3.140889,1.997484,0.014710,0.000295,0.005780,-0.999875
INFO,264,2023-11-13 09:42:18,139.703552,-13.977137,3.117626,1.997955,0.014638,-0.001455,-0.122605,-0.992347
INFO,265,2023-11-13 09:42:18,139.703598,-13.976987,3.296956,1.996289,0.014727,-0.001249,-0.101721,-0.994703
INFO,266,2023-11-13 09:42:19,140.728088,-13.970002,4.276393,2.000093,0.014495,0.001886,0.041397,-0.999036
INFO,267,2023-11-13 09:42:19,140.728134,-13.966274,4.567570,2.002749,0.014388,0.002286,0.054715,-0.998396
INFO,268,2023-11-13 09:42:20,141.752869,-13.963427,5.062515,2.002786,0.014332,0.001723,0.041087,-0.999051
INFO,269,2023-11-13 09:42:20,141.752899,-13.964489,5.116750,2.001178,0.014292,0.001416,0.030278,-0.999438
INFO,270,2023-11-13 09:42:21,142.787674,-13.970007,5.104739,1.998913,0.014143,0.000720,0.004132,-0.999891
INFO,271,2023-11-13 09:42:21,142.787689,-13.971168,5.079113,1.999110,0.014127,0.000617,-0.000414,-0.999900
INFO,272,2023-11-13 09:42:22,143.803925,-13.937350,5.088677,1.998741,0.014296,-0.055829,-0.112683,-0.991958
INFO,273,2023-11-13 09:42:22,143.803940,-13.841100,5.269843,1.995875,0.014509,-0.056439,-0.111296,-0.992077
INFO,274,2023-11-13 09:42:23,144.831390,-13.261595,6.409531,1.996360,0.015346,-0.004885,-0.013191,-0.999783
INFO,275,2023-11-13 09:42:23,144.831421,-13.031386,6.867923,1.998672,0.015305,0.000450,-0.001676,-0.999881
INFO,276,2023-11-13 09:42:25,145.851746,-12.376079,8.184960,2.005455,0.015329,0.030601,0.058033,-0.997728
INFO,277,2023-11-13 09:42:25,145.851761,-12.209748,8.523479,2.006840,0.015349,0.035719,0.068491,-0.996894
INFO,278,2023-11-13 09:42:26,146.879593,-11.954788,9.068724,2.002680,0.015113,0.022228,0.045508,-0.998602
INFO,279,2023-11-13 09:42:26,146.879639,-11.934563,9.122803,1.999900,0.014996,0.014907,0.032249,-0.999256
INFO,280,2023-11-13 09:42:27,147.905334,-11.958473,9.102612,1.997098,0.014687,0.000045,0.003012,-0.999888
INFO,281,2023-11-13 09:42:27,147.905350,-11.974818,9.075061,1.997709,0.014610,-0.002338,-0.001734,-0.999889
INFO,282,2023-11-13 09:42:28,148.920135,-12.004833,9.100843,1.998419,0.014395,-0.005493,-0.126574,-0.991838
INFO,283,2023-11-13 09:42:28,148.920181,-12.005361,9.311459,1.995751,0.014421,-0.004359,-0.124613,-0.992091
INFO,284,2023-11-13 09:42:29,149.943283,-11.987528,10.584656,1.998077,0.014292,0.001348,0.023329,-0.999625
INFO,285,2023-11-13 09:42:29,149.943344,-11.979820,11.030655,2.002433,0.014260,0.002359,0.055183,-0.998372
INFO,286,2023-11-13 09:42:30,150.975235,-11.966386,11.932736,2.008010,0.014132,0.002672,0.066739,-0.997667
INFO,287,2023-11-13 09:42:30,150.975250,-11.966768,12.068498,2.006002,0.014011,0.002185,0.054015,-0.998439
INFO,288,2023-11-13 09:42:31,152.013779,-11.976776,12.145929,1.998607,0.013920,0.000312,0.013385,-0.999813
INFO,289,2023-11-13 09:42:31,152.013809,-11.980205,12.116829,1.997879,0.013662,0.000037,0.004377,-0.999897
INFO,290,2023-11-13 09:42:32,153.033630,-11.989234,12.020157,1.999041,-0.136611,0.000826,-0.005603,-0.990609
INFO,291,2023-11-13 09:42:32,153.033646,-11.991579,11.999190,1.999596,-0.247747,0.001782,-0.006031,-0.968804
INFO,292,2023-11-13 09:42:33,154.062790,-11.996108,11.979334,2.000283,-0.588333,0.002089,-0.002973,-0.808611
INFO,293,2023-11-13 09:42:33,154.062836,-11.996382,11.983909,2.000279,-0.654475,0.000800,-0.002144,-0.756080
INFO,294,2023-11-13 09:42:34,155.089417,-11.988057,12.009611,2.000299,-0.715724,-0.000941,0.001400,-0.698381
INFO,295,2023-11-13 09:42:34,155.089447,-11.983339,12.017787,2.000329,-0.720180,-0.000807,0.002358,-0.693783
INFO,296,2023-11-13 09:42:35,156.121964,-11.973001,12.029673,2.000371,-0.721690,-0.000097,0.002809,-0.692210
INFO,297,2023-11-13 09:42:35,156.121979,-11.971493,12.029383,2.000373,-0.720795,0.000212,0.002506,-0.693144
INFO,298,2023-11-13 09:42:36,157.144714,-11.883117,12.021658,1.998915,-0.711381,-0.088135,-0.089826,-0.691448
INFO,299,2023-11-13 09:42:36,157.144775,-11.659447,12.018074,1.995930,-0.711088,-0.079955,-0.081896,-0.693725
INFO,300,2023-11-13 09:42:37,158.175552,-10.397452,12.002394,1.998382,-0.711784,0.017315,0.016561,-0.701990
INFO,301,2023-11-13 09:42:37,158.175568,-9.959625,11.995957,2.002721,-0.709824,0.039256,0.038217,-0.702245
INFO,302,2023-11-13 09:42:38,159.203461,-9.079025,11.986366,2.007708,-0.706716,0.046379,0.045543,-0.704505
INFO,303,2023-11-13 09:42:38,159.203522,-8.946026,11.986660,2.005727,-0.706499,0.037381,0.036756,-0.705770
INFO,304,2023-11-13 09:42:39,160.238785,-8.864431,11.996913,1.998670,-0.705427,0.008823,0.009835,-0.708660
INFO,305,2023-11-13 09:42:39,160.238800,-8.890709,12.000072,1.997967,-0.704911,0.002457,0.003758,-0.709281
INFO,306,2023-11-13 09:42:40,161.257339,-8.899855,12.043595,1.997769,-0.697578,-0.044704,-0.120942,-0.704812
INFO,307,2023-11-13 09:42:40,161.257370,-8.719154,12.141506,1.995175,-0.697411,-0.043168,-0.118922,-0.705416
INFO,308,2023-11-13 09:42:41,162.284439,-7.558483,12.708002,1.996601,-0.702408,-0.004459,-0.013472,-0.711633
INFO,309,2023-11-13 09:42:41,162.284470,-7.093225,12.928003,1.999242,-0.702198,0.001172,-0.001783,-0.711978
INFO,310,2023-11-13 09:42:42,163.308380,-5.764397,13.565399,2.007175,-0.699533,0.024203,0.063046,-0.711402
INFO,311,2023-11-13 09:42:42,163.308395,-5.428838,13.730670,2.008824,-0.698716,0.027270,0.073084,-0.711133
INFO,312,2023-11-13 09:42:43,164.332367,-4.911185,14.002009,2.003969,-0.699203,0.016638,0.046787,-0.713197
INFO,313,2023-11-13 09:42:43,164.332382,-4.867388,14.031928,2.000888,-0.699483,0.011042,0.032478,-0.713826
INFO,314,2023-11-13 09:42:44,165.362823,-4.909619,14.031694,1.997267,-0.699208,-0.000217,0.001846,-0.714916
INFO,315,2023-11-13 09:42:44,165.362854,-4.940423,14.021087,1.997724,-0.698992,-0.001802,-0.002841,-0.715122
INFO,316,2023-11-13 09:42:45,166.377350,-4.908719,13.996783,1.998079,-0.692810,-0.089011,-0.090141,-0.709905
INFO,317,2023-11-13 09:42:45,166.377396,-4.696731,13.991502,1.996114,-0.695261,-0.064561,-0.065985,-0.712804
INFO,318,2023-11-13 09:42:46,167.403503,-3.687283,13.978349,2.000480,-0.697218,0.033864,0.030713,-0.715399
INFO,319,2023-11-13 09:42:46,167.403519,-3.398138,13.974176,2.003212,-0.696736,0.042148,0.038849,-0.715034
INFO,320,2023-11-13 09:42:47,168.433899,-2.912512,13.970465,2.002678,-0.697032,0.030378,0.028344,-0.715835
INFO,321,2023-11-13 09:42:47,168.433914,-2.862585,13.971658,2.001039,-0.697216,0.022160,0.020717,-0.716219
INFO,322,2023-11-13 09:42:48,169.460388,-2.886705,13.976615,1.998976,-0.697388,0.002811,0.002293,-0.716684
INFO,323,2023-11-13 09:42:48,169.460419,-2.915704,13.977620,1.999142,-0.697348,-0.000480,-0.000956,-0.716732
INFO,324,2023-11-13 09:42:49,170.475601,-2.961508,13.889577,1.998494,-0.691218,-0.112902,0.066920,-0.710628
INFO,325,2023-11-13 09:42:49,170.475632,-2.918850,13.664510,1.995518,-0.692253,-0.100700,0.062468,-0.711859
INFO,326,2023-11-13 09:42:50,171.503738,-2.638745,12.388575,1.997110,-0.696565,-0.008841,0.006358,-0.717411
INFO,327,2023-11-13 09:42:50,171.503769,-2.527941,11.894835,1.999481,-0.696541,0.000169,0.001360,-0.717516
INFO,328,2023-11-13 09:42:51,172.527481,-2.194492,10.410707,2.003224,-0.696555,0.006254,-0.001043,-0.717476
INFO,329,2023-11-13 09:42:51,172.527527,-2.085576,9.926337,2.002754,-0.696622,0.005428,-0.000214,-0.717418
INFO,330,2023-11-13 09:42:52,173.552399,-1.768873,8.499095,2.000211,-0.696888,0.001450,0.002607,-0.717173
INFO,331,2023-11-13 09:42:52,173.552414,-1.665177,8.023273,1.999610,-0.696954,0.000431,0.003097,-0.717109
INFO,332,2023-11-13 09:42:53,174.576385,-1.358809,6.594363,1.999346,-0.697159,-0.001145,0.003728,-0.716906
INFO,333,2023-11-13 09:42:53,174.576401,-1.255493,6.111074,1.999498,-0.697211,-0.001075,0.003623,-0.716856
INFO,334,2023-11-13 09:42:54,175.601730,-0.947859,4.653739,1.999998,-0.697282,-0.000621,0.002722,-0.716791
INFO,335,2023-11-13 09:42:54,175.601761,-0.845291,4.166864,2.000107,-0.697309,-0.000581,0.002591,-0.716765
INFO,336,2023-11-13 09:42:55,176.622849,-0.537338,2.696138,2.000287,-0.697385,0.000074,0.001801,-0.716694
INFO,337,2023-11-13 09:42:55,176.622864,-0.434362,2.204636,2.000327,-0.697393,0.000276,0.001499,-0.716687
INFO,338,2023-11-13 09:42:56,177.646973,-0.145961,0.822328,2.003632,-0.695808,0.055676,-0.035992,-0.715162
INFO,339,2023-11-13 09:42:56,177.646988,-0.073912,0.479606,2.004897,-0.695437,0.062090,-0.040312,-0.714764
INFO,340,2023-11-13 09:42:57,178.666153,0.042694,-0.055810,2.000694,-0.696733,0.038117,-0.023529,-0.715931
INFO,341,2023-11-13 09:42:57,178.666183,0.055358,-0.104680,1.998598,-0.697146,0.026408,-0.015601,-0.716273
