No,datetime,duration,x,y,z,qw,qx,qy,qz,target_x,target_y,target_z
1,2024-05-26 18:56:47,0.471342,0.012304,-0.013021,-0.035201,-0.714426,-0.000764,-0.000077,-0.699711,0,0,1
2,2024-05-26 18:56:48,1.409318,0.012402,-0.013079,-0.035201,-0.714410,-0.000769,-0.000078,-0.699727,0,0,1
3,2024-05-26 18:56:48,1.409348,0.012180,-0.012837,-0.035192,-0.714391,-0.000766,-0.000078,-0.699747,0,0,1
4,2024-05-26 18:56:48,1.409362,0.012127,-0.012767,-0.035185,-0.714375,-0.000769,-0.000077,-0.699763,0,0,1
5,2024-05-26 18:56:48,1.409374,0.012270,-0.012900,-0.035172,-0.714358,-0.000767,-0.000078,-0.699780,0,0,1
6,2024-05-26 18:56:48,1.610087,0.012350,-0.012979,-0.035169,-0.714341,-0.000772,-0.000080,-0.699797,0,0,1
7,2024-05-26 18:56:48,1.913818,0.012160,-0.012764,-0.035154,-0.714325,-0.000769,-0.000082,-0.699814,0,0,1
8,2024-05-26 18:56:48,2.116007,0.012120,-0.012681,-0.035147,-0.714314,-0.000765,-0.000082,-0.699824,0,0,1
9,2024-05-26 18:56:49,2.426301,0.012241,-0.012769,-0.035140,-0.714296,-0.000769,-0.000088,-0.699843,0,0,1
10,2024-05-26 18:56:50,3.617595,0.012084,-0.012578,-0.035138,-0.714283,-0.000771,-0.000089,-0.699856,0,0,1
11,2024-05-26 18:56:50,3.617682,0.011819,-0.012267,-0.035144,-0.714266,-0.000769,-0.000088,-0.699874,0,0,1
12,2024-05-26 18:56:50,3.617727,0.011507,-0.011918,-0.035155,-0.714253,-0.000780,-0.000086,-0.699887,0,0,1
13,2024-05-26 18:56:50,3.617759,0.010700,-0.011085,-0.035174,-0.714234,-0.000799,-0.000084,-0.699906,0,0,1
14,2024-05-26 18:56:50,3.617789,0.009073,-0.009437,-0.035193,-0.714222,-0.000828,-0.000084,-0.699918,0,0,1
15,2024-05-26 18:56:50,4.021058,0.007227,-0.007561,-0.035202,-0.714204,-0.000865,-0.000085,-0.699938,0,0,1
16,2024-05-26 18:56:50,4.221348,0.005454,-0.005726,-0.035217,-0.714190,-0.000911,-0.000083,-0.699952,0,0,1
17,2024-05-26 18:56:51,4.422171,0.003936,-0.004125,-0.035231,-0.714172,-0.000957,-0.000083,-0.699970,0,0,1
18,2024-05-26 18:56:51,4.623203,0.002696,-0.002792,-0.035226,-0.714158,-0.001004,-0.000083,-0.699983,0,0,1
19,2024-05-26 18:56:51,5.025454,0.001753,-0.001770,-0.035219,-0.714135,-0.001054,-0.000082,-0.700007,0,0,1
20,2024-05-26 18:56:51,5.227672,0.001132,-0.001110,-0.035210,-0.714119,-0.001104,-0.000083,-0.700023,0,0,1
21,2024-05-26 18:56:52,5.436348,0.000767,-0.000703,-0.035198,-0.714098,-0.001156,-0.000080,-0.700045,0,0,1
22,2024-05-26 18:56:52,5.631561,0.000555,-0.000486,-0.035182,-0.714077,-0.001210,-0.000080,-0.700066,0,0,1
23,2024-05-26 18:56:52,6.035097,0.000455,-0.000392,-0.035169,-0.714051,-0.001265,-0.000080,-0.700092,0,0,1
24,2024-05-26 18:56:52,6.239719,0.000486,-0.000456,-0.035153,-0.714032,-0.001321,-0.000079,-0.700112,0,0,1
25,2024-05-26 18:56:53,6.439163,0.000617,-0.000627,-0.031963,-0.714001,-0.000965,-0.000031,-0.700144,0,0,1
26,2024-05-26 18:56:53,6.639266,0.000476,-0.000536,0.013794,-0.713974,-0.000463,-0.000062,-0.700172,0,0,1
27,2024-05-26 18:56:53,7.043498,-0.000301,0.000224,0.114930,-0.713956,-0.000705,-0.000030,-0.700190,0,0,1
28,2024-05-26 18:56:53,7.243835,-0.001592,0.001413,0.275108,-0.713954,-0.001000,-0.000029,-0.700192,0,0,1
29,2024-05-26 18:56:54,7.444300,-0.003155,0.002765,0.466849,-0.713953,-0.001371,-0.000087,-0.700193,0,0,1
30,2024-05-26 18:56:54,7.643903,-0.004822,0.004150,0.656751,-0.713942,-0.001560,-0.000102,-0.700203,0,0,1
31,2024-05-26 18:56:54,8.044594,-0.007097,0.005443,0.820752,-0.713925,-0.001805,-0.000174,-0.700220,0,0,1
32,2024-05-26 18:56:54,8.252169,-0.009149,0.007010,0.943593,-0.713924,-0.002084,-0.000236,-0.700220,0,0,1
33,2024-05-26 18:56:55,8.448899,-0.010646,0.008879,1.017104,-0.713938,-0.002269,-0.000108,-0.700205,0,0,1
34,2024-05-26 18:56:55,8.647887,-0.011495,0.010401,1.051152,-0.713965,-0.002319,-0.000043,-0.700177,10,5,2
35,2024-05-26 18:56:55,9.049945,-0.012394,0.011259,1.060570,-0.714024,-0.002298,-0.000053,-0.700117,10,5,2
36,2024-05-26 18:56:55,9.249334,-0.012941,0.011992,1.056068,-0.714064,-0.002187,0.000001,-0.700077,10,5,2
37,2024-05-26 18:56:56,9.448944,-0.013099,0.012799,1.046259,-0.714111,-0.002079,0.000059,-0.700029,10,5,2
38,2024-05-26 18:56:56,9.649444,-0.013306,0.013653,1.035936,-0.714126,-0.001987,0.000146,-0.700014,10,5,2
39,2024-05-26 18:56:56,10.054482,-0.013544,0.014227,1.027500,-0.714162,-0.002007,0.000103,-0.699977,10,5,2
40,2024-05-26 18:56:56,10.254936,-0.013694,0.014347,1.021864,-0.714175,-0.002055,0.000156,-0.699965,10,5,2
41,2024-05-26 18:56:58,11.462694,-0.014363,0.014076,1.018253,-0.714201,-0.002114,-0.000027,-0.699937,10,5,2
42,2024-05-26 18:56:58,11.462729,-0.016503,0.013964,1.016039,-0.714225,-0.002246,-0.000272,-0.699913,10,5,2
43,2024-05-26 18:56:58,11.462757,-0.018670,0.013827,1.014170,-0.714231,-0.002328,-0.000378,-0.699906,10,5,2
44,2024-05-26 18:56:58,11.462771,-0.020137,0.013636,1.012467,-0.714276,-0.002374,-0.000376,-0.699860,10,5,2
45,2024-05-26 18:56:58,11.462783,-0.020830,0.013391,1.010529,-0.714319,-0.002397,-0.000353,-0.699816,10,5,2
46,2024-05-26 18:56:58,11.665908,-0.020422,0.013857,1.009446,-0.714151,-0.008455,-0.016750,-0.699740,10,5,2
47,2024-05-26 18:56:58,12.066334,0.003540,0.025501,1.015897,-0.713503,-0.014707,-0.043265,-0.699160,10,5,2
48,2024-05-26 18:56:58,12.267549,0.071341,0.061355,1.027085,-0.714039,-0.010877,-0.027102,-0.699496,10,5,2
49,2024-05-26 18:56:59,12.467746,0.167509,0.113208,1.040652,-0.714328,-0.007690,-0.013962,-0.699629,10,5,2
50,2024-05-26 18:56:59,12.668584,0.279965,0.173683,1.055042,-0.714467,-0.005391,-0.006397,-0.699619,10,5,2
51,2024-05-26 18:56:59,13.068839,0.401486,0.237790,1.069063,-0.714483,-0.004008,-0.001989,-0.699638,10,5,2
52,2024-05-26 18:57:00,13.271438,0.526800,0.302291,1.082611,-0.714528,-0.003205,0.000130,-0.699600,10,5,2
53,2024-05-26 18:57:00,13.471713,0.654881,0.366616,1.095872,-0.714616,-0.002663,0.001172,-0.699511,10,5,2
54,2024-05-26 18:57:00,13.671823,0.780437,0.429777,1.108374,-0.714688,-0.002376,0.001569,-0.699438,10,5,2
55,2024-05-26 18:57:00,14.072699,0.904392,0.491597,1.120618,-0.714657,-0.002331,0.001378,-0.699470,10,5,2
56,2024-05-26 18:57:01,14.272297,1.026246,0.550931,1.132595,-0.714594,-0.002349,0.000845,-0.699535,10,5,2
57,2024-05-26 18:57:01,14.472654,1.148580,0.609081,1.144589,-0.714536,-0.002208,0.000183,-0.699595,10,5,2
58,2024-05-26 18:57:01,14.674526,1.270575,0.667055,1.156595,-0.714465,-0.002099,-0.000321,-0.699668,10,5,2
59,2024-05-26 18:57:01,15.075248,1.392788,0.725553,1.168579,-0.714396,-0.001985,-0.000752,-0.699738,10,5,2
60,2024-05-26 18:57:02,15.275565,1.517397,0.784183,1.180626,-0.714243,-0.001855,-0.000968,-0.699895,10,5,2
61,2024-05-26 18:57:02,15.475636,1.640842,0.842971,1.192658,-0.714214,-0.001809,-0.001133,-0.699924,10,5,2
62,2024-05-26 18:57:02,15.676318,1.764294,0.902315,1.204900,-0.714204,-0.001799,-0.001129,-0.699935,10,5,2
63,2024-05-26 18:57:02,16.077555,1.887042,0.962424,1.216861,-0.714203,-0.001786,-0.001123,-0.699935,10,5,2
64,2024-05-26 18:57:03,16.280006,2.011583,1.023872,1.228887,-0.714276,-0.001879,-0.000974,-0.699861,10,5,2
65,2024-05-26 18:57:03,16.478321,2.136764,1.085993,1.240927,-0.714207,-0.001945,-0.000736,-0.699931,10,5,2
66,2024-05-26 18:57:03,16.680033,2.262051,1.149095,1.253033,-0.714262,-0.001992,-0.000515,-0.699876,10,5,2
67,2024-05-26 18:57:03,17.081301,2.388703,1.213099,1.265313,-0.714294,-0.001965,-0.000433,-0.699843,10,5,2
68,2024-05-26 18:57:04,17.282755,2.514353,1.275801,1.277294,-0.714351,-0.001972,-0.000362,-0.699785,10,5,2
69,2024-05-26 18:57:04,17.482784,2.640134,1.338130,1.289449,-0.714286,-0.001902,-0.000274,-0.699851,10,5,2
70,2024-05-26 18:57:04,17.682037,2.764736,1.400254,1.301545,-0.714351,-0.001899,-0.000199,-0.699785,10,5,2
71,2024-05-26 18:57:04,18.083134,2.890640,1.462924,1.313755,-0.714284,-0.001836,-0.000154,-0.699853,10,5,2
72,2024-05-26 18:57:05,18.285770,3.016700,1.525815,1.325872,-0.714339,-0.001830,-0.000087,-0.699797,10,5,2
73,2024-05-26 18:57:05,18.487043,3.142473,1.588708,1.338040,-0.714319,-0.001807,-0.000053,-0.699818,10,5,2
74,2024-05-26 18:57:05,18.687256,3.269208,1.651742,1.350239,-0.714312,-0.001747,-0.000104,-0.699826,10,5,2
75,2024-05-26 18:57:05,19.087847,3.394137,1.714037,1.362343,-0.714285,-0.001791,-0.000165,-0.699852,10,5,2
76,2024-05-26 18:57:06,19.287939,3.519101,1.776089,1.374543,-0.714256,-0.001797,-0.000309,-0.699882,10,5,2
77,2024-05-26 18:57:06,19.488119,3.642954,1.837232,1.386716,-0.714273,-0.001767,-0.000316,-0.699865,10,5,2
78,2024-05-26 18:57:06,19.688419,3.767350,1.899508,1.398921,-0.714307,-0.001795,-0.000388,-0.699830,10,5,2
79,2024-05-26 18:57:06,20.088451,3.891363,1.962591,1.411056,-0.714278,-0.001862,-0.000322,-0.699860,10,5,2
80,2024-05-26 18:57:07,20.289433,4.015041,2.025043,1.422912,-0.714333,-0.002011,-0.000404,-0.699803,10,5,2
81,2024-05-26 18:57:07,20.489206,4.140485,2.087859,1.435061,-0.714298,-0.002003,-0.000487,-0.699839,10,5,2
82,2024-05-26 18:57:07,20.692560,4.264512,2.149964,1.447228,-0.714272,-0.001909,-0.000511,-0.699866,10,5,2
83,2024-05-26 18:57:07,21.094255,4.388787,2.212444,1.459360,-0.714259,-0.001877,-0.000520,-0.699878,10,5,2
84,2024-05-26 18:57:08,21.294716,4.513108,2.274349,1.471228,-0.714295,-0.001871,-0.000409,-0.699842,10,5,2
85,2024-05-26 18:57:08,21.494766,4.639527,2.337209,1.483142,-0.714296,-0.001799,-0.000146,-0.699842,10,5,2
86,2024-05-26 18:57:08,21.695259,4.765861,2.400147,1.495077,-0.714298,-0.001655,-0.000046,-0.699840,10,5,2
87,2024-05-26 18:57:08,22.095371,4.891780,2.462682,1.507136,-0.714278,-0.001621,-0.000076,-0.699860,10,5,2
88,2024-05-26 18:57:09,22.297518,5.019094,2.525548,1.519492,-0.714318,-0.001556,-0.000080,-0.699819,10,5,2
89,2024-05-26 18:57:09,22.502581,5.144582,2.587542,1.531678,-0.714292,-0.001578,-0.000086,-0.699846,10,5,2
90,2024-05-26 18:57:09,22.705021,5.268459,2.649121,1.543711,-0.714280,-0.001548,-0.000173,-0.699858,10,5,2
91,2024-05-26 18:57:09,23.105301,5.393027,2.711840,1.555788,-0.714327,-0.001627,-0.000195,-0.699810,10,5,2
92,2024-05-26 18:57:10,23.306593,5.517665,2.774162,1.567855,-0.714303,-0.001690,-0.000229,-0.699834,10,5,2
93,2024-05-26 18:57:10,23.505730,5.642485,2.835830,1.580003,-0.714271,-0.001591,-0.000289,-0.699867,10,5,2
94,2024-05-26 18:57:10,23.706347,5.769180,2.898398,1.592129,-0.714331,-0.001496,-0.000327,-0.699806,10,5,2
95,2024-05-26 18:57:10,24.106352,5.894898,2.960408,1.604038,-0.714355,-0.001428,-0.000277,-0.699782,10,5,2
96,2024-05-26 18:57:11,24.308544,6.020762,3.022519,1.616173,-0.714296,-0.001380,-0.000239,-0.699843,10,5,2
97,2024-05-26 18:57:11,24.510384,6.145594,3.084668,1.628403,-0.714279,-0.001477,-0.000084,-0.699860,10,5,2
98,2024-05-26 18:57:11,24.709667,6.270786,3.147624,1.640686,-0.714279,-0.001521,-0.000022,-0.699859,10,5,2
99,2024-05-26 18:57:11,25.112444,6.395548,3.210178,1.652782,-0.714281,-0.001467,-0.000081,-0.699858,10,5,2
100,2024-05-26 18:57:12,25.313564,6.520230,3.272402,1.664693,-0.714263,-0.001548,-0.000131,-0.699876,10,5,2
101,2024-05-26 18:57:12,25.513351,6.645823,3.335288,1.676879,-0.714288,-0.001632,-0.000290,-0.699849,10,5,2
102,2024-05-26 18:57:12,25.713768,6.769353,3.397553,1.689079,-0.714243,-0.001612,-0.000386,-0.699896,10,5,2
103,2024-05-26 18:57:12,26.115690,6.893120,3.460394,1.701206,-0.714282,-0.001709,-0.000425,-0.699856,10,5,2
104,2024-05-26 18:57:13,26.316175,7.016397,3.522846,1.713117,-0.714287,-0.001763,-0.000426,-0.699851,10,5,2
105,2024-05-26 18:57:13,26.519833,7.141238,3.585067,1.725006,-0.714303,-0.001682,-0.000411,-0.699834,10,5,2
106,2024-05-26 18:57:13,26.721344,7.266098,3.647598,1.736974,-0.714370,-0.001623,-0.000325,-0.699767,10,5,2
107,2024-05-26 18:57:13,27.121792,7.391188,3.709877,1.748944,-0.714337,-0.001520,-0.000233,-0.699801,10,5,2
108,2024-05-26 18:57:14,27.323132,7.518086,3.772660,1.761261,-0.714334,-0.001522,-0.000228,-0.699804,10,5,2
109,2024-05-26 18:57:14,27.522812,7.644153,3.834758,1.773381,-0.714342,-0.001466,-0.000156,-0.699796,10,5,2
110,2024-05-26 18:57:14,27.722767,7.770250,3.897687,1.785428,-0.714336,-0.001421,-0.000065,-0.699801,10,5,2
111,2024-05-26 18:57:14,28.126295,7.895132,3.959154,1.797409,-0.714322,-0.001279,-0.000086,-0.699816,10,5,2
112,2024-05-26 18:57:15,28.326933,8.020844,4.020662,1.809579,-0.714305,-0.001215,-0.000066,-0.699833,10,5,2
113,2024-05-26 18:57:15,28.527664,8.146228,4.082173,1.821588,-0.714353,-0.001230,-0.000122,-0.699784,10,5,2
114,2024-05-26 18:57:15,28.728945,8.270997,4.143806,1.833449,-0.714373,-0.001230,-0.000254,-0.699764,10,5,2
115,2024-05-26 18:57:15,29.133833,8.396499,4.206707,1.845600,-0.714280,-0.001263,-0.000364,-0.699859,10,5,2
116,2024-05-26 18:57:16,29.332523,8.520420,4.269301,1.857783,-0.714308,-0.001449,-0.000423,-0.699830,10,5,2
117,2024-05-26 18:57:16,29.533005,8.644617,4.331453,1.869980,-0.714309,-0.001423,-0.000401,-0.699829,10,5,2
118,2024-05-26 18:57:16,29.733904,8.767757,4.393472,1.881924,-0.714273,-0.001498,-0.000406,-0.699866,10,5,2
119,2024-05-26 18:57:16,30.135052,8.891307,4.456028,1.893925,-0.714273,-0.001512,-0.000428,-0.699866,10,5,2
120,2024-05-26 18:57:17,30.335640,9.015169,4.518470,1.905916,-0.714321,-0.001609,-0.000457,-0.699817,10,5,2
121,2024-05-26 18:57:17,30.536715,9.139570,4.580830,1.917828,-0.714350,-0.001614,-0.000449,-0.699787,10,5,2
122,2024-05-26 18:57:17,30.736153,9.265743,4.644635,1.930076,-0.714311,-0.001213,0.001080,-0.699826,10,5,2
123,2024-05-26 18:57:17,31.136555,9.388934,4.706322,1.941660,-0.714310,0.000689,0.006907,-0.699795,10,5,2
124,2024-05-26 18:57:18,31.336702,9.504140,4.762744,1.951985,-0.714326,0.001791,0.010399,-0.699733,10,5,2
125,2024-05-26 18:57:18,31.537088,9.607910,4.812138,1.961046,-0.714349,0.002161,0.009667,-0.699720,10,5,2
126,2024-05-26 18:57:18,31.737780,9.700687,4.857644,1.968613,-0.714340,0.003126,0.012926,-0.699672,10,5,2
127,2024-05-26 18:57:18,32.138561,9.778829,4.895939,1.974429,-0.714351,0.003441,0.013583,-0.699648,10,5,2
128,2024-05-26 18:57:19,32.338955,9.841426,4.926375,1.978868,-0.714372,0.002917,0.011909,-0.699659,10,5,2
129,2024-05-26 18:57:19,32.539249,9.891163,4.949698,1.982310,-0.714387,0.002115,0.008551,-0.699695,10,5,2
130,2024-05-26 18:57:19,32.741158,9.929132,4.967950,1.985075,-0.714375,0.001994,0.008291,-0.699711,10,5,2
131,2024-05-26 18:57:19,33.141495,9.956966,4.981874,1.987294,-0.714366,0.001638,0.007039,-0.699735,10,5,2
132,2024-05-26 18:57:20,33.341591,9.976516,4.991866,1.989031,-0.714362,0.000882,0.005008,-0.699758,10,5,2
133,2024-05-26 18:57:20,33.541531,9.989537,4.998590,1.990483,-0.714360,0.000219,0.002949,-0.699772,10,5,2
134,2024-05-26 18:57:20,33.743832,9.997751,5.003944,1.991634,-0.714357,-0.000115,0.002295,-0.699777,10,5,2
135,2024-05-26 18:57:20,34.147903,10.002974,5.007944,1.992573,-0.714363,-0.000420,0.001557,-0.699773,10,5,2
136,2024-05-26 18:57:21,34.348080,10.006828,5.011173,1.993470,-0.714347,-0.000809,0.000934,-0.699790,15,2.5,5
137,2024-05-26 18:57:21,34.548946,10.009685,5.013438,1.994793,-0.714309,-0.000898,0.000546,-0.699829,15,2.5,5
138,2024-05-26 18:57:21,34.748627,10.011338,5.015162,1.996171,-0.714294,-0.001043,0.000567,-0.699845,15,2.5,5
139,2024-05-26 18:57:22,35.952248,10.012301,5.016545,1.997310,-0.714253,-0.000960,0.000459,-0.699886,15,2.5,5
140,2024-05-26 18:57:22,35.952278,10.013262,5.018002,1.998177,-0.714208,-0.001116,0.000415,-0.699932,15,2.5,5
141,2024-05-26 18:57:22,35.952305,10.013952,5.018971,1.998927,-0.714232,-0.001069,0.000464,-0.699908,15,2.5,5
142,2024-05-26 18:57:22,35.952328,10.014030,5.019608,1.999635,-0.714209,-0.001003,0.000455,-0.699932,15,2.5,5
143,2024-05-26 18:57:22,36.152813,10.013448,5.019991,2.000256,-0.714212,-0.001366,0.000211,-0.699928,15,2.5,5
144,2024-05-26 18:57:23,36.355133,10.018959,5.017076,2.011032,-0.713550,-0.038461,-0.013022,-0.699427,15,2.5,5
145,2024-05-26 18:57:23,36.555531,10.063543,4.994606,2.057005,-0.713584,-0.036901,-0.011498,-0.699503,15,2.5,5
146,2024-05-26 18:57:23,36.755360,10.146969,4.953231,2.125613,-0.713832,-0.020889,-0.006791,-0.699972,15,2.5,5
147,2024-05-26 18:57:23,37.158535,10.252641,4.902192,2.204118,-0.713869,-0.011273,-0.003147,-0.700182,15,2.5,5
148,2024-05-26 18:57:24,37.357849,10.370928,4.845367,2.285289,-0.713938,-0.005746,-0.000827,-0.700185,15,2.5,5
149,2024-05-26 18:57:24,37.559147,10.496244,4.784377,2.367049,-0.714021,-0.002731,0.000473,-0.700119,15,2.5,5
150,2024-05-26 18:57:24,37.960209,10.621416,4.722678,2.445861,-0.714087,-0.001207,0.001022,-0.700056,15,2.5,5
151,2024-05-26 18:57:24,38.161011,10.746730,4.659984,2.522516,-0.707449,-0.000486,0.001135,-0.706763,15,2.5,5
152,2024-05-26 18:57:25,38.361130,10.870081,4.597141,2.596697,-0.707510,-0.000337,0.001040,-0.706703,15,2.5,5
153,2024-05-26 18:57:25,38.561455,10.993241,4.532838,2.670488,-0.707858,-0.000415,0.000706,-0.706354,15,2.5,5
154,2024-05-26 18:57:25,38.762489,11.115242,4.468184,2.743433,-0.708555,-0.000601,0.000409,-0.705655,15,2.5,5
155,2024-05-26 18:57:25,39.163906,11.236345,4.404038,2.816146,-0.709262,-0.000904,-0.000014,-0.704944,15,2.5,5
156,2024-05-26 18:57:26,39.364304,11.358345,4.339150,2.889580,-0.709999,-0.001225,-0.000376,-0.704201,15,2.5,5
157,2024-05-26 18:57:26,39.564159,11.479546,4.275371,2.962225,-0.710763,-0.001505,-0.000487,-0.703429,15,2.5,5
158,2024-05-26 18:57:26,39.765728,11.601253,4.212336,3.034659,-0.711309,-0.001733,-0.000524,-0.702878,15,2.5,5
159,2024-05-26 18:57:26,40.166206,11.722490,4.150032,3.106387,-0.711833,-0.001864,-0.000508,-0.702346,15,2.5,5
160,2024-05-26 18:57:27,40.365898,11.845525,4.086917,3.178684,-0.712339,-0.001949,-0.000523,-0.701833,15,2.5,5
161,2024-05-26 18:57:27,40.565662,11.969787,4.023591,3.251205,-0.712814,-0.001956,-0.000491,-0.701351,15,2.5,5
162,2024-05-26 18:57:27,40.967728,12.094820,3.960130,3.323776,-0.713177,-0.001805,-0.000343,-0.700982,15,2.5,5
163,2024-05-26 18:57:27,41.168030,12.222327,3.895270,3.397198,-0.713470,-0.001555,-0.000253,-0.700684,15,2.5,5
164,2024-05-26 18:57:28,41.370281,12.348807,3.831031,3.469596,-0.713681,-0.001366,-0.000143,-0.700470,15,2.5,5
165,2024-05-26 18:57:28,41.570465,12.475520,3.766243,3.541974,-0.713830,-0.001185,-0.000086,-0.700318,15,2.5,5
166,2024-05-26 18:57:28,41.774643,12.600829,3.701679,3.613618,-0.713936,-0.000938,-0.000145,-0.700210,15,2.5,5
167,2024-05-26 18:57:28,42.173820,12.727164,3.637137,3.685935,-0.714060,-0.000873,-0.000180,-0.700084,15,2.5,5
168,2024-05-26 18:57:29,42.374008,12.853833,3.572690,3.758340,-0.714107,-0.000760,-0.000146,-0.700036,15,2.5,5
169,2024-05-26 18:57:29,42.575474,12.980342,3.508879,3.830677,-0.714131,-0.000697,-0.000149,-0.700012,15,2.5,5
170,2024-05-26 18:57:29,42.975441,13.107965,3.444851,3.903930,-0.714182,-0.000697,-0.000142,-0.699960,15,2.5,5
171,2024-05-26 18:57:29,43.175323,13.234343,3.382324,3.976274,-0.714216,-0.000767,-0.000021,-0.699925,15,2.5,5
172,2024-05-26 18:57:30,43.375694,13.360547,3.320196,4.048558,-0.714223,-0.000858,0.000154,-0.699917,15,2.5,5
173,2024-05-26 18:57:30,43.577080,13.485267,3.258648,4.120224,-0.714302,-0.000914,0.000157,-0.699837,15,2.5,5
174,2024-05-26 18:57:30,43.781307,13.610355,3.196217,4.192720,-0.714240,-0.000953,0.000161,-0.699900,15,2.5,5
175,2024-05-26 18:57:30,44.184387,13.734982,3.134177,4.265296,-0.714217,-0.001095,0.000128,-0.699924,15,2.5,5
176,2024-05-26 18:57:31,44.385063,13.859182,3.072364,4.338081,-0.714227,-0.001288,0.000128,-0.699913,15,2.5,5
177,2024-05-26 18:57:31,44.585167,13.984494,3.009974,4.411436,-0.714236,-0.001453,0.000069,-0.699904,15,2.5,5
178,2024-05-26 18:57:31,44.986256,14.108270,2.948862,4.483634,-0.714237,-0.001558,0.000081,-0.699902,15,2.5,5
179,2024-05-26 18:57:31,45.185757,14.231249,2.887874,4.555239,-0.714249,-0.001486,0.000066,-0.699890,15,2.5,5
180,2024-05-26 18:57:32,45.390949,14.355733,2.825918,4.627531,-0.714300,0.000561,0.000897,-0.699839,15,2.5,5
181,2024-05-26 18:57:32,45.592510,14.477611,2.765061,4.695859,-0.714310,0.007768,0.003230,-0.699779,15,2.5,5
182,2024-05-26 18:57:32,45.997211,14.588972,2.708905,4.755140,-0.714253,0.012001,0.004529,-0.699770,15,2.5,5
183,2024-05-26 18:57:32,46.194935,14.686214,2.660199,4.804073,-0.714281,0.013272,0.004915,-0.699716,15,2.5,5
184,2024-05-26 18:57:33,46.396011,14.767740,2.619248,4.843606,-0.714336,0.009552,0.003921,-0.699727,15,2.5,5
185,2024-05-26 18:57:33,46.597633,14.837011,2.584404,4.875814,-0.714393,0.011423,0.004414,-0.699637,15,2.5,5
186,2024-05-26 18:57:33,47.004013,14.892386,2.556470,4.900104,-0.714396,0.011173,0.004211,-0.699640,15,2.5,5
187,2024-05-26 18:57:33,47.197662,14.934282,2.535509,4.917908,-0.714452,0.009407,0.003551,-0.699612,15,2.5,5
188,2024-05-26 18:57:34,47.398106,14.964336,2.520509,4.931681,-0.714440,0.005518,0.002398,-0.699671,15,2.5,5
189,2024-05-26 18:57:34,47.598129,14.986355,2.509128,4.942957,-0.714387,0.005046,0.002103,-0.699729,15,2.5,5
190,2024-05-26 18:57:34,48.006939,15.001381,2.501041,4.951790,-0.714377,0.003886,0.001548,-0.699748,15,2.5,5
191,2024-05-26 18:57:34,48.205593,15.010139,2.495810,4.958623,-0.714330,0.002454,0.000942,-0.699804,15,2.5,5
192,2024-05-26 18:57:35,48.406551,15.014713,2.492408,4.964367,-0.714281,0.000854,0.000384,-0.699858,15,2.5,5
193,2024-05-26 18:57:35,48.613777,15.017123,2.490006,4.969571,-0.714186,0.000397,0.000093,-0.699956,15,2.5,5
194,2024-05-26 18:57:35,49.012520,15.017922,2.488896,4.973971,-0.714155,-0.000067,-0.000134,-0.699988,15,2.5,5
195,2024-05-26 18:57:35,49.213737,15.017850,2.488763,4.977586,-0.714115,-0.000443,-0.000279,-0.700029,15,2.5,5
196,2024-05-26 18:57:37,50.419983,15.017482,2.489191,4.981142,-0.714124,-0.000687,-0.000243,-0.700019,15,2.5,5
197,2024-05-26 18:57:37,50.420013,15.017135,2.489858,4.984466,-0.714080,-0.000718,-0.000211,-0.700063,15,2.5,5
198,2024-05-26 18:57:37,50.420029,15.016569,2.490849,4.987390,-0.714074,-0.000685,-0.000104,-0.700070,15,2.5,5
199,2024-05-26 18:57:37,50.420055,15.016046,2.491853,4.990135,-0.714064,-0.000590,-0.000079,-0.700080,15,2.5,5
200,2024-05-26 18:57:37,50.420071,15.015502,2.492869,4.992916,-0.714019,-0.000515,-0.000022,-0.700126,15,2.5,5
201,2024-05-26 18:57:37,50.622272,15.014445,2.493808,4.995252,-0.713969,0.003892,0.011132,-0.700078,15,2.5,5
202,2024-05-26 18:57:37,51.026417,14.994966,2.486050,4.970868,-0.712189,0.022367,0.073508,-0.697770,10,0,1
203,2024-05-26 18:57:37,51.229782,14.907616,2.442933,4.887428,-0.712362,0.022235,0.076668,-0.697257,10,0,1
204,2024-05-26 18:57:38,51.430511,14.746581,2.361262,4.737911,-0.713993,0.015080,0.047194,-0.698398,10,0,1
205,2024-05-26 18:57:38,51.630737,14.539484,2.256990,4.547242,-0.714676,0.008711,0.026023,-0.698918,10,0,1
206,2024-05-26 18:57:38,52.033604,14.301438,2.138237,4.340294,-0.714856,0.004287,0.012605,-0.699145,10,0,1
207,2024-05-26 18:57:38,52.233551,14.048731,2.012373,4.131769,-0.714871,0.001517,0.004516,-0.699240,10,0,1
208,2024-05-26 18:57:39,52.434673,13.786345,1.882388,3.923929,-0.714867,-0.000242,-0.000169,-0.699261,10,0,1
209,2024-05-26 18:57:39,52.635284,13.522809,1.751943,3.719910,-0.714800,-0.001136,-0.002587,-0.699323,10,0,1
210,2024-05-26 18:57:39,53.036343,13.260946,1.622040,3.519789,-0.714767,-0.001465,-0.003596,-0.699352,10,0,1
211,2024-05-26 18:57:39,53.239288,12.999457,1.492689,3.319829,-0.714749,-0.001505,-0.003618,-0.699370,10,0,1
212,2024-05-26 18:57:40,53.439396,12.744710,1.366746,3.123961,-0.714654,-0.001460,-0.003000,-0.699471,10,0,1
213,2024-05-26 18:57:40,53.638504,12.492931,1.242067,2.928520,-0.714553,-0.001124,-0.002317,-0.699576,10,0,1
214,2024-05-26 18:57:40,54.041096,12.246224,1.120357,2.734849,-0.714546,-0.000864,-0.001416,-0.699587,10,0,1
215,2024-05-26 18:57:40,54.240795,11.999683,0.998833,2.539258,-0.714518,-0.000608,-0.000449,-0.699616,10,0,1
216,2024-05-26 18:57:41,54.442543,11.753522,0.877460,2.343767,-0.714434,-0.000358,0.000278,-0.699703,10,0,1
217,2024-05-26 18:57:41,54.644253,11.507071,0.755624,2.148289,-0.714375,-0.000332,0.000656,-0.699763,10,0,1
218,2024-05-26 18:57:41,55.044228,11.256961,0.631451,1.951273,-0.714341,-0.000146,0.000829,-0.699797,10,0,1
219,2024-05-26 18:57:41,55.245251,11.009514,0.508832,1.758112,-0.714234,-0.000043,0.001085,-0.699907,10,0,1
220,2024-05-26 18:57:42,55.449677,10.763484,0.386730,1.567924,-0.714221,0.000029,0.001228,-0.699919,10,0,1
221,2024-05-26 18:57:42,55.652649,10.515102,0.263662,1.377644,-0.714126,-0.004459,-0.010297,-0.699927,10,0,1
222,2024-05-26 18:57:42,56.056667,10.286026,0.149315,1.216564,-0.712974,-0.016074,-0.051698,-0.699098,10,0,1
223,2024-05-26 18:57:42,56.259537,10.116155,0.064983,1.112240,-0.713211,-0.014407,-0.045223,-0.699341,10,0,1
224,2024-05-26 18:57:43,56.461006,9.997754,0.007808,1.049726,-0.713862,-0.010361,-0.028545,-0.699628,10,0,1
225,2024-05-26 18:57:43,56.663551,9.914666,-0.032304,1.015198,-0.713995,-0.009503,-0.026985,-0.699566,10,0,1
226,2024-05-26 18:57:43,57.063370,9.864368,-0.055732,1.003121,-0.714125,-0.007626,-0.021335,-0.699652,10,0,1
227,2024-05-26 18:57:43,57.263329,9.839164,-0.067016,1.003574,-0.714342,-0.005564,-0.014608,-0.699622,10,0,1
228,2024-05-26 18:57:44,57.464478,9.831194,-0.070489,1.009125,-0.714489,-0.003492,-0.007628,-0.699596,10,0,1
229,2024-05-26 18:57:44,57.664288,9.833722,-0.069872,1.015130,-0.714587,-0.002342,-0.004921,-0.699525,10,0,1
230,2024-05-26 18:57:44,58.063728,9.842805,-0.065947,1.019960,-0.714589,-0.001363,-0.002241,-0.699540,10,0,1
231,2024-05-26 18:57:44,58.265953,9.855574,-0.060633,1.022539,-0.714606,-0.000623,-0.000309,-0.699527,10,0,1
232,2024-05-26 18:57:45,58.467167,9.869249,-0.055662,1.023235,-0.714654,-0.000168,0.000497,-0.699477,10,0,1
233,2024-05-26 18:57:45,58.668228,9.882549,-0.051476,1.022376,-0.714602,0.000273,0.000908,-0.699530,10,0,1
234,2024-05-26 18:57:45,59.069065,9.895271,-0.047425,1.020614,-0.714608,0.000433,0.001048,-0.699524,10,0,1
235,2024-05-26 18:57:47,60.273487,9.907007,-0.043843,1.018323,-0.714577,0.000482,0.000843,-0.699556,10,0,1
236,2024-05-26 18:57:47,60.273529,9.917580,-0.040681,1.016060,-0.714475,0.000248,-0.000060,-0.699661,10,0,1
237,2024-05-26 18:57:47,60.273556,9.927845,-0.036846,1.013512,-0.714313,0.000032,-0.000704,-0.699826,10,0,1
238,2024-05-26 18:57:47,60.273579,9.938860,-0.032106,1.011209,-0.714270,-0.000143,-0.000970,-0.699869,10,0,1
239,2024-05-26 18:57:47,60.273624,9.950800,-0.026756,1.008890,-0.714179,-0.000230,-0.001012,-0.699962,10,0,1
240,2024-05-26 18:57:47,60.474792,9.963548,-0.019859,1.007053,-0.714115,0.004729,0.001499,-0.700011,10,0,1
241,2024-05-26 18:57:47,60.675327,9.963701,-0.006383,1.017437,-0.712611,0.058832,0.022251,-0.698734,0,5,3
242,2024-05-26 18:57:47,61.082115,9.896192,0.039414,1.049579,-0.711785,0.074428,0.027347,-0.697908,0,5,3
243,2024-05-26 18:57:48,61.288200,9.746389,0.123197,1.095219,-0.712791,0.044047,0.017689,-0.699768,0,5,3
244,2024-05-26 18:57:48,61.489708,9.544477,0.228918,1.148140,-0.712911,0.022838,0.009556,-0.700817,0,5,3
245,2024-05-26 18:57:48,61.689404,9.310812,0.346645,1.204027,-0.712738,0.010601,0.004047,-0.701338,0,5,3
246,2024-05-26 18:57:48,62.092232,9.064920,0.467814,1.259429,-0.712712,0.003701,0.000727,-0.701447,0,5,3
247,2024-05-26 18:57:49,62.292747,8.812588,0.591260,1.313683,-0.712764,0.000071,-0.001078,-0.701403,0,5,3
248,2024-05-26 18:57:49,62.493942,8.561520,0.714120,1.366076,-0.713011,-0.001594,-0.001979,-0.701148,0,5,3
249,2024-05-26 18:57:49,62.693066,8.310741,0.837207,1.417675,-0.713288,-0.001934,-0.002237,-0.700865,0,5,3
250,2024-05-26 18:57:49,63.095257,8.063456,0.959750,1.467921,-0.713602,-0.001450,-0.002033,-0.700547,0,5,3
251,2024-05-26 18:57:50,63.295734,7.819170,1.082136,1.517228,-0.713867,-0.000684,-0.001566,-0.700279,0,5,3
252,2024-05-26 18:57:50,63.497662,7.573789,1.206787,1.566336,-0.714087,0.000048,-0.000988,-0.700056,0,5,3
253,2024-05-26 18:57:50,63.698544,7.332048,1.330559,1.614461,-0.714278,0.000587,-0.000434,-0.699861,0,5,3
254,2024-05-26 18:57:50,64.099533,7.090452,1.454462,1.662384,-0.714404,0.001019,-0.000004,-0.699732,0,5,3
255,2024-05-26 18:57:51,64.299690,6.850489,1.576946,1.709588,-0.714480,0.001538,0.000279,-0.699654,0,5,3
256,2024-05-26 18:57:51,64.500061,6.607667,1.700789,1.757032,-0.714548,0.001795,0.000452,-0.699584,0,5,3
257,2024-05-26 18:57:51,64.700668,6.363111,1.825235,1.804597,-0.714666,0.001871,0.000524,-0.699463,0,5,3
258,2024-05-26 18:57:51,65.101227,6.117105,1.949998,1.852063,-0.714667,0.001752,0.000585,-0.699463,0,5,3
259,2024-05-26 18:57:52,65.303734,5.866347,2.076777,1.899946,-0.714689,0.001545,0.000591,-0.699441,0,5,3
260,2024-05-26 18:57:52,65.503960,5.616689,2.202355,1.946948,-0.714708,0.001313,0.000441,-0.699422,0,5,3
261,2024-05-26 18:57:52,65.703621,5.367866,2.327068,1.993579,-0.714707,0.001045,0.000281,-0.699423,0,5,3
262,2024-05-26 18:57:52,66.105614,5.116732,2.452577,2.040683,-0.714688,0.000846,0.000132,-0.699443,0,5,3
263,2024-05-26 18:57:53,66.305801,4.865002,2.577967,2.087533,-0.714672,0.000734,-0.000020,-0.699460,0,5,3
264,2024-05-26 18:57:53,66.506653,4.612043,2.703326,2.134446,-0.714673,0.000565,-0.000248,-0.699459,0,5,3
265,2024-05-26 18:57:53,66.709045,4.359125,2.828716,2.181326,-0.714599,0.000380,-0.000363,-0.699534,0,5,3
266,2024-05-26 18:57:53,67.109344,4.104907,2.955052,2.228542,-0.714496,0.000408,-0.000395,-0.699639,0,5,3
267,2024-05-26 18:57:54,67.309166,3.854373,3.079496,2.275245,-0.714457,0.000437,-0.000389,-0.699679,0,5,3
268,2024-05-26 18:57:54,67.509857,3.605677,3.203046,2.321443,-0.714410,0.000561,-0.000372,-0.699727,0,5,3
269,2024-05-26 18:57:54,67.710403,3.355066,3.327826,2.368207,-0.714419,0.000574,-0.000358,-0.699718,0,5,3
270,2024-05-26 18:57:54,68.113350,3.105122,3.452616,2.414882,-0.714412,0.000682,-0.000335,-0.699725,0,5,3
271,2024-05-26 18:57:55,68.314041,2.855019,3.577559,2.461710,-0.714443,0.000671,-0.000313,-0.699693,0,5,3
272,2024-05-26 18:57:55,68.514923,2.602148,3.704348,2.508925,-0.714423,0.000747,-0.000167,-0.699714,0,5,3
273,2024-05-26 18:57:55,68.717567,2.351629,3.829855,2.555751,-0.714391,0.000722,-0.000104,-0.699746,0,5,3
274,2024-05-26 18:57:55,69.116661,2.100566,3.955351,2.602624,-0.714394,0.000629,-0.000102,-0.699744,0,5,3
275,2024-05-26 18:57:56,69.316597,1.850946,4.079669,2.649156,-0.714400,0.000468,-0.000174,-0.699738,0,5,3
276,2024-05-26 18:57:56,69.516998,1.599812,4.204920,2.696092,-0.714398,0.000453,-0.000199,-0.699739,0,5,3
277,2024-05-26 18:57:56,69.718124,1.348548,4.330097,2.743269,-0.714371,0.000436,-0.000165,-0.699767,0,5,3
278,2024-05-26 18:57:56,70.118622,1.097981,4.454981,2.790626,-0.714364,0.000533,-0.000194,-0.699774,0,5,3
279,2024-05-26 18:57:57,70.319107,0.844334,4.581166,2.838586,-0.714323,0.000476,-0.000206,-0.699816,0,5,3
280,2024-05-26 18:57:57,70.521278,0.593393,4.706079,2.885735,-0.714356,0.000511,-0.000226,-0.699783,0,5,3
281,2024-05-26 18:57:57,70.720772,0.342468,4.830920,2.931954,-0.714272,-0.012651,-0.005656,-0.699731,0,5,3
282,2024-05-26 18:57:57,71.122383,0.114627,4.945731,2.964672,-0.712664,-0.059756,-0.019957,-0.698670,0,5,3
283,2024-05-26 18:57:58,71.322884,-0.053011,5.030426,2.983902,-0.712609,-0.056218,-0.018780,-0.699053,0,5,3
284,2024-05-26 18:57:58,71.524712,-0.160888,5.084607,2.993226,-0.713155,-0.036543,-0.013320,-0.699926,0,5,3
285,2024-05-26 18:57:58,71.723503,-0.225627,5.117846,2.995972,-0.713212,-0.032267,-0.011310,-0.700114,0,5,3
286,2024-05-26 18:57:58,72.123634,-0.252448,5.133369,2.994680,-0.713426,-0.023959,-0.007864,-0.700277,0,5,3
287,2024-05-26 18:57:59,72.325630,-0.250368,5.133970,2.991663,-0.713642,-0.014680,-0.004512,-0.700342,0,5,3
288,2024-05-26 18:57:59,72.525185,-0.231641,5.125266,2.988827,-0.713804,-0.006440,-0.001805,-0.700313,0,5,3
289,2024-05-26 18:57:59,72.725403,-0.205276,5.112737,2.986989,-0.713935,-0.001999,-0.000032,-0.700210,0,5,3
290,2024-05-26 18:57:59,73.128082,-0.176574,5.098421,2.986388,-0.714057,0.001450,0.001124,-0.700085,0,5,3
291,2024-05-26 18:58:00,73.327774,-0.149270,5.083422,2.987093,-0.714175,0.003506,0.001642,-0.699957,0,5,3
292,2024-05-26 18:58:00,73.529152,-0.125251,5.069611,2.988538,-0.714232,0.003630,0.001594,-0.699897,0,5,3
293,2024-05-26 18:58:00,73.729553,-0.105492,5.057363,2.990378,-0.714307,0.004220,0.001488,-0.699818,0,5,3
294,2024-05-26 18:58:01,74.931389,-0.090009,5.047160,2.991995,-0.714364,0.003911,0.001169,-0.699763,0,5,3
295,2024-05-26 18:58:01,74.931427,-0.078607,5.038641,2.993418,-0.714430,0.002144,0.000489,-0.699704,0,5,3
296,2024-05-26 18:58:01,74.931442,-0.069822,5.031528,2.994642,-0.714471,0.000678,-0.000098,-0.699665,0,5,3
297,2024-05-26 18:58:01,74.931450,-0.061602,5.024996,2.995818,-0.714475,-0.000210,-0.000466,-0.699660,0,5,3
298,2024-05-26 18:58:01,75.132133,-0.052456,5.017863,2.996936,-0.714550,-0.000755,-0.000719,-0.699583,0,5,3
299,2024-05-26 18:58:02,75.334671,-0.046106,5.008874,2.990989,-0.714072,0.012780,0.035440,-0.699058,0,5,3
300,2024-05-26 18:58:02,75.533485,-0.081531,4.980033,2.938561,-0.711865,0.028899,0.085303,-0.696517,-5,2.5,0.5
301,2024-05-26 18:58:02,75.732849,-0.198649,4.912169,2.837879,-0.713459,0.021984,0.061156,-0.697677,-5,2.5,0.5
302,2024-05-26 18:58:02,76.133400,-0.381047,4.813128,2.713961,-0.714727,0.013833,0.034412,-0.698420,-5,2.5,0.5
303,2024-05-26 18:58:03,76.333687,-0.602765,4.696358,2.582570,-0.715037,0.008170,0.018897,-0.698783,-5,2.5,0.5
304,2024-05-26 18:58:03,76.533508,-0.851143,4.568845,2.449085,-0.715080,0.004352,0.008645,-0.698976,-5,2.5,0.5
305,2024-05-26 18:58:03,76.735924,-1.112711,4.437242,2.317310,-0.714993,0.002300,0.003544,-0.699118,-5,2.5,0.5
306,2024-05-26 18:58:03,77.137695,-1.380412,4.302693,2.187856,-0.714862,0.001048,0.000367,-0.699265,-5,2.5,0.5
307,2024-05-26 18:58:04,77.338165,-1.653217,4.165904,2.058534,-0.714776,0.000239,-0.001427,-0.699352,-5,2.5,0.5
308,2024-05-26 18:58:04,77.539452,-1.922311,4.031843,1.932133,-0.714755,-0.000143,-0.002281,-0.699371,-5,2.5,0.5
309,2024-05-26 18:58:04,77.742188,-2.187313,3.900834,1.807461,-0.714753,-0.000205,-0.002225,-0.699374,-5,2.5,0.5
310,2024-05-26 18:58:04,78.142578,-2.452115,3.769721,1.682022,-0.714717,-0.000139,-0.001616,-0.699412,-5,2.5,0.5
311,2024-05-26 18:58:05,78.344627,-2.715468,3.639630,1.556461,-0.714698,-0.000019,-0.000674,-0.699433,-5,2.5,0.5
312,2024-05-26 18:58:05,78.544662,-2.977750,3.510031,1.431093,-0.714701,0.000392,0.000132,-0.699430,-5,2.5,0.5
313,2024-05-26 18:58:05,78.746056,-3.239808,3.380839,1.305356,-0.714661,0.000683,0.001064,-0.699470,-5,2.5,0.5
314,2024-05-26 18:58:05,79.145660,-3.505869,3.250025,1.178268,-0.714583,0.000801,0.001990,-0.699548,-5,2.5,0.5
315,2024-05-26 18:58:06,79.346909,-3.770577,3.119827,1.052824,-0.714562,0.000886,0.002838,-0.699566,-5,2.5,0.5
316,2024-05-26 18:58:06,79.547974,-4.035890,2.989045,0.928383,-0.714575,0.001014,0.002905,-0.699552,-5,2.5,0.5
317,2024-05-26 18:58:06,79.749672,-4.306146,2.855486,0.802946,-0.714540,0.001225,0.003666,-0.699584,-5,2.5,0.5
318,2024-05-26 18:58:06,80.151779,-4.577070,2.720562,0.681180,-0.714310,-0.007730,-0.021398,-0.699459,-5,2.5,0.5
319,2024-05-26 18:58:07,80.350174,-4.817028,2.600472,0.596229,-0.712880,-0.018203,-0.061474,-0.698349,-5,2.5,0.5
320,2024-05-26 18:58:07,80.554588,-4.993234,2.513895,0.544364,-0.713625,-0.014680,-0.045055,-0.698924,-5,2.5,0.5
321,2024-05-26 18:58:07,80.754738,-5.113167,2.455385,0.515470,-0.713926,-0.013248,-0.040069,-0.698949,-5,2.5,0.5
322,2024-05-26 18:58:07,81.163086,-5.185397,2.418911,0.503755,-0.714335,-0.010393,-0.032450,-0.698974,-5,2.5,0.5
323,2024-05-26 18:58:08,81.361076,-5.218349,2.401237,0.502390,-0.714682,-0.007046,-0.022521,-0.699051,-5,2.5,0.5
324,2024-05-26 18:58:08,81.566940,-5.225547,2.396379,0.505115,-0.714915,-0.003736,-0.011994,-0.699099,-5,2.5,0.5
325,2024-05-26 18:58:08,81.767288,-5.217830,2.399122,0.508843,-0.714963,-0.001919,-0.007380,-0.699121,-5,2.5,0.5
326,2024-05-26 18:58:08,82.171738,-5.201369,2.406142,0.512113,-0.714897,-0.000469,-0.003001,-0.699224,-5,2.5,0.5
327,2024-05-26 18:58:09,82.373085,-5.181906,2.415452,0.514303,-0.714810,0.000445,0.000026,-0.699318,-5,2.5,0.5
328,2024-05-26 18:58:09,82.571938,-5.162681,2.425463,0.515200,-0.714754,0.000745,0.001287,-0.699374,-5,2.5,0.5
329,2024-05-26 18:58:09,82.772614,-5.144874,2.435589,0.514861,-0.714614,0.000908,0.002218,-0.699515,-5,2.5,0.5
330,2024-05-26 18:58:09,83.175209,-5.129838,2.444092,0.513854,-0.714494,0.000743,0.002242,-0.699637,-5,2.5,0.5
331,2024-05-26 18:58:10,83.375275,-5.116371,2.451144,0.512279,-0.714386,0.000524,0.001854,-0.699750,-5,2.5,0.5
332,2024-05-26 18:58:10,83.578117,-5.104786,2.457146,0.510798,-0.714260,0.000313,0.000779,-0.699880,-5,2.5,0.5
333,2024-05-26 18:58:11,84.782516,-5.094304,2.463298,0.509475,-0.714160,0.000205,0.000686,-0.699982,-5,2.5,0.5
334,2024-05-26 18:58:11,84.782539,-5.084191,2.469032,0.508497,-0.714079,-0.000143,-0.000110,-0.700065,-5,2.5,0.5
335,2024-05-26 18:58:11,84.782570,-5.073613,2.474155,0.507537,-0.714007,-0.000261,-0.000734,-0.700138,-5,2.5,0.5
336,2024-05-26 18:58:11,84.782585,-5.062204,2.479837,0.506526,-0.713927,-0.000339,-0.000947,-0.700220,-5,2.5,0.5
337,2024-05-26 18:58:11,84.782593,-5.049866,2.486198,0.505336,-0.713838,-0.000336,-0.000914,-0.700310,-5,2.5,0.5
338,2024-05-26 18:58:11,85.184402,-5.034526,2.492697,0.505361,-0.713608,-0.025497,-0.008157,-0.700033,-5,2.5,0.5
339,2024-05-26 18:58:12,85.384628,-4.992829,2.484055,0.510285,-0.713259,-0.039776,-0.009222,-0.699710,0,0,1
340,2024-05-26 18:58:12,85.586365,-4.912557,2.451551,0.519382,-0.713627,-0.023630,-0.006069,-0.700100,0,0,1
341,2024-05-26 18:58:12,85.786530,-4.806080,2.404005,0.531238,-0.713795,-0.012275,-0.003120,-0.700240,0,0,1
342,2024-05-26 18:58:12,86.188622,-4.686561,2.349308,0.544765,-0.713855,-0.005835,-0.001002,-0.700269,0,0,1
343,2024-05-26 18:58:13,86.389053,-4.560052,2.289378,0.558920,-0.713888,-0.002024,0.000091,-0.700257,0,0,1
344,2024-05-26 18:58:13,86.589172,-4.432434,2.228219,0.573395,-0.713890,0.000069,0.000754,-0.700258,0,0,1
345,2024-05-26 18:58:13,86.789604,-4.303801,2.165772,0.587907,-0.713999,0.001068,0.001060,-0.700145,0,0,1
346,2024-05-26 18:58:13,87.191589,-4.176071,2.102632,0.602101,-0.714083,0.001395,0.001061,-0.700059,0,0,1
347,2024-05-26 18:58:14,87.391731,-4.049492,2.040104,0.615668,-0.714078,0.001347,0.000989,-0.700065,0,0,1
348,2024-05-26 18:58:14,87.592331,-3.923332,1.977563,0.629138,-0.714089,0.000941,0.000810,-0.700054,0,0,1
349,2024-05-26 18:58:14,87.792480,-3.800593,1.915743,0.642164,-0.714126,0.000436,0.000545,-0.700017,0,0,1
350,2024-05-26 18:58:14,88.194572,-3.679924,1.854141,0.654765,-0.714210,0.000048,0.000228,-0.699931,0,0,1
351,2024-05-26 18:58:15,88.393936,-3.558702,1.791922,0.667162,-0.714250,-0.000240,-0.000010,-0.699891,0,0,1
352,2024-05-26 18:58:15,88.595177,-3.437637,1.729690,0.679479,-0.714312,-0.000493,-0.000159,-0.699828,0,0,1
353,2024-05-26 18:58:15,88.795784,-3.316377,1.667526,0.691702,-0.714366,-0.000693,-0.000334,-0.699772,0,0,1
354,2024-05-26 18:58:15,89.196373,-3.194460,1.605493,0.703973,-0.714381,-0.000840,-0.000377,-0.699757,0,0,1
355,2024-05-26 18:58:16,89.398849,-3.070225,1.542218,0.716186,-0.714419,-0.000834,-0.000379,-0.699717,0,0,1
356,2024-05-26 18:58:16,89.598572,-2.946503,1.479352,0.728060,-0.714431,-0.000604,-0.000374,-0.699705,0,0,1
357,2024-05-26 18:58:16,89.799942,-2.823529,1.416866,0.739711,-0.714420,-0.000504,-0.000357,-0.699716,0,0,1
358,2024-05-26 18:58:16,90.199150,-2.699059,1.353864,0.751296,-0.714362,-0.000441,-0.000295,-0.699776,0,0,1
359,2024-05-26 18:58:17,90.400566,-2.574132,1.290889,0.762779,-0.714378,-0.000413,-0.000254,-0.699760,0,0,1
360,2024-05-26 18:58:17,90.600410,-2.448914,1.228688,0.774508,-0.714359,-0.000355,-0.000126,-0.699779,0,0,1
361,2024-05-26 18:58:17,90.800537,-2.322097,1.166051,0.786435,-0.714397,-0.000336,-0.000024,-0.699740,0,0,1
362,2024-05-26 18:58:17,91.204056,-2.196412,1.103305,0.798043,-0.714346,-0.000204,0.000012,-0.699793,0,0,1
363,2024-05-26 18:58:18,91.403801,-2.070591,1.040607,0.809560,-0.714350,-0.000254,0.000098,-0.699789,0,0,1
364,2024-05-26 18:58:18,91.604973,-1.945458,0.978510,0.820900,-0.714371,-0.000095,0.000228,-0.699767,0,0,1
365,2024-05-26 18:58:18,91.805672,-1.819995,0.916158,0.832063,-0.714355,-0.000187,0.000258,-0.699784,0,0,1
366,2024-05-26 18:58:18,92.206177,-1.694789,0.853870,0.843401,-0.714346,-0.000278,0.000237,-0.699793,0,0,1
367,2024-05-26 18:58:19,92.410507,-1.569743,0.791738,0.854846,-0.714375,-0.000346,0.000249,-0.699762,0,0,1
368,2024-05-26 18:58:19,92.607567,-1.443547,0.728389,0.866561,-0.714389,-0.000345,0.000172,-0.699748,0,0,1
369,2024-05-26 18:58:19,92.807869,-1.319034,0.665539,0.878151,-0.714398,-0.000317,0.000128,-0.699740,0,0,1
370,2024-05-26 18:58:19,93.208862,-1.194389,0.602271,0.889680,-0.714430,-0.000310,-0.000013,-0.699706,0,0,1
371,2024-05-26 18:58:20,93.408791,-1.070498,0.539514,0.900995,-0.714399,-0.000295,-0.000025,-0.699738,0,0,1
372,2024-05-26 18:58:20,93.609367,-0.945563,0.476408,0.912467,-0.714349,-0.000249,-0.000012,-0.699790,0,0,1
373,2024-05-26 18:58:20,93.810928,-0.820621,0.414020,0.923973,-0.714368,-0.000237,-0.000061,-0.699770,0,0,1
374,2024-05-26 18:58:20,94.214706,-0.695904,0.351930,0.935206,-0.714362,0.002871,0.001115,-0.699769,0,0,1
375,2024-05-26 18:58:21,94.414749,-0.574315,0.291515,0.946041,-0.714352,0.007733,0.002691,-0.699739,0,0,1
376,2024-05-26 18:58:21,94.615585,-0.462777,0.235435,0.955848,-0.714342,0.008002,0.003050,-0.699744,0,0,1
377,2024-05-26 18:58:21,94.816345,-0.361117,0.183531,0.964397,-0.714308,0.012418,0.004297,-0.699708,0,0,1
378,2024-05-26 18:58:21,95.221901,-0.273386,0.139189,0.971258,-0.714322,0.013816,0.004661,-0.699666,0,0,1
379,2024-05-26 18:58:22,95.420647,-0.200909,0.102304,0.976498,-0.714319,0.013058,0.004326,-0.699685,0,0,1
380,2024-05-26 18:58:22,95.621223,-0.142666,0.072562,0.980679,-0.714330,0.009506,0.003377,-0.699736,0,0,1
381,2024-05-26 18:58:22,95.823471,-0.095380,0.048264,0.983882,-0.714291,0.009930,0.003286,-0.699771,0,0,1
382,2024-05-26 18:58:22,96.224052,-0.058637,0.029757,0.986142,-0.714272,0.008715,0.002796,-0.699808,0,0,1
383,2024-05-26 18:58:23,96.425735,-0.032358,0.016796,0.987711,-0.714268,0.006812,0.002223,-0.699836,0,0,1
384,2024-05-26 18:58:23,96.625648,-0.014151,0.007883,0.989354,-0.714244,0.004333,0.001499,-0.699882,0,0,1
385,2024-05-26 18:58:23,96.828392,-0.001693,0.002167,0.990975,-0.714254,0.003754,0.001262,-0.699875,0,0,1
386,2024-05-26 18:58:23,97.229073,0.006623,-0.001775,0.992389,-0.714241,0.002805,0.000956,-0.699893,0,0,1
387,2024-05-26 18:58:24,97.429039,0.011102,-0.004007,0.993532,-0.714252,0.001791,0.000594,-0.699886,0,0,1
388,2024-05-26 18:58:24,97.629410,0.013839,-0.004951,0.994461,-0.714248,0.000926,0.000308,-0.699892,0,0,1
389,2024-05-26 18:58:24,97.830833,0.015404,-0.004857,0.995167,-0.714238,0.000771,0.000290,-0.699902,0,0,1
390,2024-05-26 18:58:25,99.038513,0.016319,-0.004601,0.995675,-0.714233,0.000495,0.000290,-0.699908,0,0,1
391,2024-05-26 18:58:25,99.038643,0.016410,-0.004221,0.996078,-0.714253,0.000276,0.000202,-0.699888,0,0,1
392,2024-05-26 18:58:25,99.038681,0.016020,-0.003835,0.996545,-0.714285,0.000182,0.000152,-0.699855,0,0,1
393,2024-05-26 18:58:25,99.038719,0.015298,-0.003418,0.997028,-0.714364,0.000253,0.000150,-0.699775,0,0,1
394,2024-05-26 18:58:25,99.140572,0.014637,-0.003271,0.997546,-0.714365,0.000292,0.000094,-0.699773,0,0,1
395,2024-05-26 18:58:26,99.342651,0.014014,-0.003240,0.997974,-0.714393,-0.000497,-0.000205,-0.699745,0,0,1
396,2024-05-26 18:58:26,99.644150,0.013851,-0.003429,0.998084,-0.714413,-0.000182,-0.000094,-0.699724,0,0,1
397,2024-05-26 18:58:26,99.844261,0.013998,-0.003753,0.998011,-0.714385,0.000106,-0.000080,-0.699752,0,0,1
398,2024-05-26 18:58:26,100.145607,0.014484,-0.004246,0.997815,-0.714341,0.000229,-0.000131,-0.699797,0,0,1
399,2024-05-26 18:58:27,100.346031,0.014785,-0.004479,0.997709,-0.714372,0.000335,-0.000016,-0.699766,0,0,1
400,2024-05-26 18:58:27,100.652977,0.014726,-0.004381,0.997588,-0.714380,0.000309,0.000009,-0.699758,0,0,1
401,2024-05-26 18:58:27,100.852982,0.014409,-0.004031,0.997586,-0.714396,0.000257,-0.000021,-0.699742,0,0,1
402,2024-05-26 18:58:27,101.154434,0.014131,-0.003790,0.997544,-0.714393,0.000196,0.000002,-0.699745,0,0,1
403,2024-05-26 18:58:28,101.355507,0.013804,-0.004532,0.997695,-0.714352,0.000165,0.000052,-0.699786,0,0,1
404,2024-05-26 18:58:28,101.656303,0.013366,-0.005547,0.997790,-0.714369,0.000363,-0.000111,-0.699769,0,0,1
405,2024-05-26 18:58:28,101.856827,0.012783,-0.006330,0.997831,-0.714321,0.000377,-0.000232,-0.699818,0,0,1
406,2024-05-26 18:58:28,102.156677,0.012361,-0.006902,0.997837,-0.714323,0.000320,-0.000288,-0.699816,0,0,1
407,2024-05-26 18:58:29,102.357239,0.012186,-0.007209,0.997810,-0.714377,0.000216,-0.000230,-0.699761,0,0,1
408,2024-05-26 18:58:29,102.661354,0.011977,-0.007168,0.997740,-0.714370,0.000144,-0.000183,-0.699768,0,0,1
409,2024-05-26 18:58:29,102.861061,0.011661,-0.006787,0.997680,-0.714359,0.000101,-0.000159,-0.699779,0,0,1
410,2024-05-26 18:58:29,103.164268,0.011638,-0.006509,0.997584,-0.714319,0.000143,-0.000098,-0.699820,0,0,1
411,2024-05-26 18:58:30,103.366547,0.011913,-0.006576,0.997523,-0.714314,0.000125,0.000017,-0.699825,0,0,1
412,2024-05-26 18:58:30,103.667648,0.011751,-0.006322,0.997573,-0.714303,0.000090,-0.000030,-0.699836,0,0,1
413,2024-05-26 18:58:30,103.874222,0.011468,-0.005981,0.997601,-0.714312,0.000026,-0.000012,-0.699827,0,0,1
414,2024-05-26 18:58:30,104.173988,0.011541,-0.006072,0.997652,-0.714299,0.000124,0.000003,-0.699841,0,0,1
415,2024-05-26 18:58:31,104.375099,0.011578,-0.006166,0.997697,-0.714308,0.000135,-0.000036,-0.699831,0,0,1
416,2024-05-26 18:58:31,104.677399,0.011344,-0.006022,0.997768,-0.714328,0.000164,-0.000053,-0.699811,0,0,1
417,2024-05-26 18:58:31,104.876480,0.010964,-0.005753,0.997842,-0.714355,0.000121,-0.000006,-0.699783,0,0,1
418,2024-05-26 18:58:31,105.179230,0.010743,-0.005880,0.997844,-0.714352,0.000085,-0.000035,-0.699786,0,0,1
419,2024-05-26 18:58:32,105.379585,0.009589,-0.006059,0.997888,-0.714365,-0.000033,-0.000222,-0.699773,0,0,1
420,2024-05-26 18:58:32,105.680298,0.007674,-0.005991,0.997918,-0.714331,-0.000079,-0.000386,-0.699808,0,0,1
421,2024-05-26 18:58:32,105.884094,0.005830,-0.005623,0.997906,-0.714323,-0.000105,-0.000340,-0.699816,0,0,1
422,2024-05-26 18:58:32,106.186218,0.004703,-0.005526,0.997870,-0.714380,-0.000230,-0.000341,-0.699758,0,0,1
423,2024-05-26 18:58:33,106.386620,0.004134,-0.005075,0.989512,-0.714371,-0.000225,-0.000359,-0.699767,0,0,0
424,2024-05-26 18:58:33,106.687157,0.004000,-0.003843,0.934442,-0.714361,-0.000287,-0.000213,-0.699777,0,0,0
425,2024-05-26 18:58:33,106.887726,0.004187,-0.002437,0.832459,-0.714382,-0.000225,-0.000053,-0.699756,0,0,0
426,2024-05-26 18:58:33,107.189796,0.004848,-0.001600,0.708799,-0.714377,-0.000236,-0.000022,-0.699761,0,0,0
427,2024-05-26 18:58:34,107.391113,0.005624,-0.001120,0.575772,-0.714361,-0.000166,0.000112,-0.699777,0,0,0
428,2024-05-26 18:58:34,107.691711,0.006295,-0.000952,0.441653,-0.714355,-0.000029,0.000102,-0.699784,0,0,0